Date,Value,Value_pred,USD_1,USD_1_pred
9/21/2016,598.88,500.6674194,1326.1,1335.040283
9/22/2016,597.42,500.9194336,1339.1,1339.823975
9/23/2016,594.08,505.3180847,1338.65,1333.509155
9/24/2016,603.88,506.2230835,0,0
9/25/2016,601.74,516.8577271,0,0
9/26/2016,598.98,516.4734497,1340.5,1323.53125
9/27/2016,605.96,513.1576538,1327,1316.244263
9/28/2016,605.67,520.1239014,1322.5,1316.305176
9/29/2016,603.85,520.1417236,1318.1,1318.106812
9/30/2016,609.39,517.1485596,1322.5,1309.207642
10/1/2016,614.82,522.2041016,0,0
10/2/2016,612.98,527.492981,0,0
10/3/2016,611.85,525.0769043,1313.3,1291.6521
10/4/2016,609.62,523.3569946,1283.3,1271.940063
10/5/2016,607.18,521.237854,1269.4,1260.515747
10/6/2016,612.08,518.331604,1254.5,1259.527344
10/7/2016,617.21,522.5430298,1258.75,1262.773682
10/8/2016,614.74,527.6010742,0,0
10/9/2016,615.65,524.9129639,0,0
10/10/2016,617.54,525.3514404,1259.5,1265.777954
10/11/2016,614.77,527.5950317,1253.45,1267.316528
10/12/2016,635.01,524.744812,1256.5,1264.441406
10/13/2016,635.96,543.6912842,1261.05,1260.178833
10/14/2016,634.02,546.3135986,1251.75,1258.307007
10/15/2016,637.94,542.9889526,0,0
10/16/2016,641.42,547.5596313,0,0
10/17/2016,638.97,551.5358887,1254.8,1262.196777
10/18/2016,636.29,548.8111572,1258.2,1269.359009
10/19/2016,629.25,545.9865723,1269.05,1273.335938
10/20/2016,627.72,539.4212646,1271.65,1272.349121
10/21/2016,631.92,537.4042969,1266.05,1269.935791
10/22/2016,655.48,541.5272217,0,0
10/23/2016,653.25,564.1205444,0,0
10/24/2016,651.39,563.2914429,1265.55,1269.01062
10/25/2016,655.31,560.1255493,1269.4,1268.778564
10/26/2016,651.45,565.284729,1270.5,1270.618286
10/27/2016,682.22,562.0568848,1266.25,1273.022217
10/28/2016,687.68,590.6610107,1273,1279.17041
10/29/2016,685.91,598.6199951,0,0
10/30/2016,698,595.1721802,0,0
10/31/2016,702,607.8956909,1272,1290.620972
11/1/2016,697.01,613.364563,1288.45,1300.473511
11/2/2016,733.33,607.6942139,1303.75,1304.811401
11/3/2016,686.17,642.5141602,1301,1298.135254
11/4/2016,683.69,600.5866699,1302.8,1287.316162
11/5/2016,704.79,592.0238647,0,0
11/6/2016,712,617.0532837,0,0
11/7/2016,709.96,623.4223633,1283.05,1279.801147
11/8/2016,708.97,619.6137085,1282.35,1274.400391
11/9/2016,720.93,619.7635498,1281.4,1262.706543
11/10/2016,721.5,631.965332,1267.5,1243.301758
11/11/2016,715.45,633.135498,1236.45,1229.162842
11/12/2016,703.71,626.5420532,0,0
11/13/2016,702.28,615.5457153,0,0
11/14/2016,706.46,613.8605347,1213.6,1226.009766
11/15/2016,710.91,618.0534058,1226.95,1230.283447
11/16/2016,711.73,622.0099487,1229.2,1231.47876
11/17/2016,736.96,622.7383423,1226.75,1227.787476
11/18/2016,747.52,647.0682983,1211,1221.804199
11/19/2016,748.98,659.2914429,0,0
11/20/2016,729.06,659.901123,0,0
11/21/2016,738.53,641.6298828,1214.25,1210.613525
11/22/2016,736.97,650.0321655,1212.25,1198.622803
11/23/2016,741.63,650.3988647,1185.35,1191.481445
11/24/2016,737.45,652.9106445,1186.1,1190.30188
11/25/2016,735.64,649.6491699,1187.7,1192.429932
11/26/2016,733.67,647.4906006,0,0
11/27/2016,727.96,645.8474121,0,0
11/28/2016,727.31,640.1722412,1187,1192.609863
11/29/2016,732.71,639.1097412,1186.55,1186.018188
11/30/2016,742.69,644.5397949,1178.1,1178.180908
12/1/2016,742.05,654.2450562,1161.85,1172.094238
12/2/2016,772.43,653.9483643,1173.5,1170.745239
12/3/2016,764.33,682.7980347,0,0
12/4/2016,762.97,677.897583,0,0
12/5/2016,754.63,674.0674438,1162.2,1174.786987
12/6/2016,756.62,668.0991821,1172.5,1179.163818
12/7/2016,758.99,669.345459,1177.65,1178.59436
12/8/2016,769.72,671.7866211,1171.05,1172.160034
12/9/2016,770.02,681.7104492,1163.6,1164.553711
12/10/2016,769.08,682.6507568,0,0
12/11/2016,777,681.2719727,0,0
12/12/2016,777,689.3920898,1156.1,1160.980103
12/13/2016,777.99,690.1309204,1158.55,1155.36792
12/14/2016,774.89,690.4226685,1162.25,1146.700684
12/15/2016,776.75,687.9673462,1126.95,1140.304321
12/16/2016,775.88,689.5601196,1131.6,1136.800415
12/17/2016,788.7,689.0170288,0,0
12/18/2016,788.4,700.9785156,0,0
12/19/2016,788.67,701.7418213,1136.25,1136.301147
12/20/2016,793.09,701.1544189,1125.7,1137.759399
12/21/2016,824.21,706.1362915,1133.65,1207.022339
12/22/2016,834.97,736.4364624,1131.35,1265.38501
12/23/2016,901.31,748.5936279,1464.549402,1243.809937
12/24/2016,891.61,811.3208008,0,0
12/25/2016,892.6,807.8406372,0,0
12/26/2016,897.33,804.6509399,0,0
12/27/2016,930.37,813.3776245,0,0
12/28/2016,930.34,845.3422852,1134.6,1258.140747
12/29/2016,963.38,846.5325928,1145.9,1255.832886
12/30/2016,952.15,876.4534912,1464.549402,1220.828979
12/31/2016,958.12,869.8511353,0,0
1/1/2017,997.72,872.7942505,0,0
1/2/2017,1015.97,913.477356,0,0
1/3/2017,1013.42,933.1275024,1151,1183.018066
1/4/2017,1126.76,929.2657471,1164.25,1162.798706
1/5/2017,994.67,1039.279785,1176.7,1164.101318
1/6/2017,999.65,921.7712402,1175.85,1180.031494
1/7/2017,896.83,909.520813,0,0
1/8/2017,908.14,825.901123,0,0
1/9/2017,910.49,822.8657837,1178.5,1194.190918
1/10/2017,906.05,830.2949219,1189.5,1202.559326
1/11/2017,785.22,821.2442017,1178.55,1202.796021
1/12/2017,780.92,704.427063,1205.05,1200.060181
1/13/2017,826.29,693.2990112,1190.35,1202.126343
1/14/2017,817.91,744.2778931,0,0
1/15/2017,819.55,733.0690308,0,0
1/16/2017,830.5,730.0460205,1203,1208.638062
1/17/2017,903.84,745.2457886,1216.05,1210.676636
1/18/2017,906.6,816.4193115,1214.75,1207.252808
1/19/2017,895.798875,823.1412964,1196.05,1205.227295
1/20/2017,893.6210875,809.1570435,1200.55,1208.142456
1/21/2017,895.64,810.3553467,0,0
1/22/2017,918.603625,813.4182129,0,0
1/23/2017,922.0736125,834.2324829,1212.85,1208.780884
1/24/2017,919.97,838.6871948,1216.8,1203.607178
1/25/2017,893.045625,835.4824829,1195,1195.071533
1/26/2017,915.95625,810.3479004,1189.7,1189.772949
1/27/2017,915.05,830.8445435,1184.85,1194.532471
1/28/2017,920.31225,832.9481201,0,0
1/29/2017,915.933,834.8439941,0,0
1/30/2017,912.19,832.1106567,1192.8,1203.931641
1/31/2017,964.706075,828.3049316,1212.8,1214.328003
2/1/2017,979.703875,878.7976685,1203.65,1220.320068
2/2/2017,983.42,897.0062256,1221.95,1222.886963
2/3/2017,1013.027,897.987793,1215.2,1225.077637
2/4/2017,1030.999413,928.710083,0,0
2/5/2017,1034.07,949.2259521,0,0
2/6/2017,1024.01375,951.2770386,1226.75,1230.218384
2/7/2017,1050.11,942.2130127,1231,1235.432739
2/8/2017,1052.84,967.6461182,1242.1,1235.826294
2/9/2017,976.103,972.6608276,1236.8,1230.699463
2/10/2017,999.1035,896.6199951,1228.3,1226.401001
2/11/2017,997.59,914.4884644,0,0
2/12/2017,1000.604625,920.1049805,0,0
2/13/2017,999.877375,916.7789917,1222.25,1224.614502
2/14/2017,1001.2,916.9703979,1230.75,1228.851563
2/15/2017,1012.325988,919.0804443,1224.4,1236.804321
2/16/2017,1035.208125,929.8324585,1240.55,1242.077026
2/17/2017,1035.2,952.5999756,1241.95,1241.281494
2/18/2017,1056.637138,953.7106323,0,0
2/19/2017,1052.779286,973.5388794,0,0
2/20/2017,1050.87,972.7541504,1237.3,1237.728027
2/21/2017,1123.788429,969.3762207,1233.2,1238.021606
2/22/2017,1123.223188,1040.563477,1236.65,1243.93396
2/23/2017,1130.01,1045.199951,1247.9,1252.305908
2/24/2017,1174.86625,1046.522583,1253.65,1257.865845
2/25/2017,1150.605714,1094.271484,0,0
2/26/2017,1150.37,1074.245361,0,0
2/27/2017,1190.75195,1068.908813,1257.2,1254.689331
2/28/2017,1187.565286,1111.916748,1255.6,1245.91687
3/1/2017,1190.89,1110.608154,1240.4,1235.308716
3/2/2017,1259.410817,1110.074341,1238.1,1229.13562
3/3/2017,1285.14,1178.98938,1226.5,1225.466064
3/4/2017,1287,1208.439575,0,0
3/5/2017,1270.9333,1207.165039,0,0
3/6/2017,1275.197375,1194.174683,1230.95,1221.300415
3/7/2017,1279.5,1199.17395,1216.65,1216.407471
3/8/2017,1157.3933,1204.188354,1209.2,1211.510132
3/9/2017,1192.469143,1085.579712,1206.55,1208.448486
3/10/2017,1192.09,1110.756226,1202.65,1207.834473
3/11/2017,1179.159875,1121.167236,0,0
3/12/2017,1227.494625,1099.478027,0,0
3/13/2017,1227.68,1145.98645,1204.2,1207.320068
3/14/2017,1245.370786,1152.167358,1204.6,1213.010742
3/15/2017,1257.399625,1165.010986,1198.8,1223.321045
3/16/2017,1257,1180.54126,1229.35,1232.441162
3/17/2017,1091.171888,1180.740112,1229.6,1238.645386
3/18/2017,952.2323625,1020.945618,0,0
3/19/2017,967.69,876.8569946,0,0
3/20/2017,1049.084488,892.6981812,1232.4,1243.23645
3/21/2017,1118.630043,971.444458,1241.6,1245.905884
3/22/2017,1113,1033.557007,1249.05,1246.728394
3/23/2017,1038.789,1029.147949,1247.5,1249.168457
3/24/2017,941.9197143,959.2370605,1247.5,1252.980835
3/25/2017,927.93,865.9310303,0,0
3/26/2017,956.7863125,850.2601929,0,0
3/27/2017,1037.22925,878.5728149,1257.55,1254.575073
3/28/2017,1041.04,952.7190552,1257.25,1252.901611
3/29/2017,1040.5755,959.0921021,1251.1,1248.968872
3/30/2017,1037.90455,956.0646362,1248.8,1246.164185
3/31/2017,1034.74,958.0841675,1244.85,1248.663452
4/1/2017,1086.929571,955.5731812,0,0
4/2/2017,1099.169125,1004.892517,0,0
4/3/2017,1079.99,1020.285522,1247.25,1251.304321
4/4/2017,1141.600363,998.9518433,1257.65,1253.121948
4/5/2017,1133.079314,1058.754883,1245.8,1257.628052
4/6/2017,1133.53,1057.145752,1252.5,1258.873535
4/7/2017,1190.45425,1051.297119,1266.45,1256.871948
4/8/2017,1181.149838,1109.719971,0,0
4/9/2017,1184.03,1104.923096,0,0
4/10/2017,1207.744875,1102.443848,1250.05,1259.928101
4/11/2017,1226.617038,1129.325195,1252.9,1270.047729
4/12/2017,1219.09,1148.930664,1274.3,1279.525391
4/13/2017,1180.023713,1140.761597,1284.15,1283.221802
4/14/2017,1185.260057,1102.915039,0,0
4/15/2017,1170.36,1107.033936,0,0
4/16/2017,1186.927413,1095.024658,0,0
4/17/2017,1205.634875,1107.135132,0,0
4/18/2017,1176.97,1127.32605,1278.95,1282.521606
4/19/2017,1217.930088,1099.638672,1279.05,1280.511597
4/20/2017,1241.686325,1136.628418,1282.1,1275.994141
4/21/2017,1236.63,1165.661255,1281.85,1271.092529
4/22/2017,1261.311225,1158.266479,0,0
4/23/2017,1257.988113,1182.050049,0,0
4/24/2017,1240.84,1183.0177,1269.4,1266.596313
4/25/2017,1279.414688,1164.159912,1267.8,1264.265991
4/26/2017,1309.109875,1201.400635,1261.85,1265.266235
4/27/2017,1288.02,1233.889282,1262.8,1264.792236
4/28/2017,1331.294429,1211.746582,1266.45,1260.824951
4/29/2017,1334.979038,1252.040771,0,0
4/30/2017,1333,1262.151978,0,0
5/1/2017,1417.172813,1256.264404,0,0
5/2/2017,1452.076288,1338.882935,1255.45,1249.880737
5/3/2017,1447.55,1379.217773,1250.3,1237.763672
5/4/2017,1508.292125,1371.060425,1228.45,1230.847412
5/5/2017,1533.335071,1431.680298,1228.05,1228.009155
5/6/2017,1518.75,1462.986816,0,0
5/7/2017,1535.868429,1445.638306,0,0
5/8/2017,1640.619225,1462.526367,1229.8,1228.01416
5/9/2017,1651.1,1567.661865,1220.4,1229.000488
5/10/2017,1762.88625,1582.108398,1222.95,1231.426636
5/11/2017,1820.990563,1684.234741,1223.15,1234.541016
5/12/2017,1829,1753.238892,1231.25,1236.905151
5/13/2017,1771.920013,1758.614746,0,0
5/14/2017,1776.3165,1705.438354,0,0
5/15/2017,1780,1709.746704,1233.3,1243.574097
5/16/2017,1739.031975,1717.046021,1234.2,1252.03772
5/17/2017,1807.485063,1673.475342,1257.4,1256.623657
5/18/2017,1783.98,1736.30481,1255.9,1257.955078
5/19/2017,1961.520488,1721.557495,1252,1258.143677
5/20/2017,2052.909788,1884.588013,0,0
5/21/2017,2008.84,1989.448242,0,0
5/22/2017,2090.662313,1940.86792,1258.85,1256.404175
5/23/2017,2287.710288,2020.478638,1260.2,1255.203125
5/24/2017,2256.32,2226.437744,1252.55,1257.743408
5/25/2017,2387.206286,2199.117676,1256.95,1261.775269
5/26/2017,2211.976857,2314.005371,1265.05,1265.489868
5/27/2017,2279.82,2167.070557,0,0
5/28/2017,2192.9808,2211.862549,0,0
5/29/2017,2275.9307,2148.410889,0,0
5/30/2017,2290.02,2210.327881,1262.7,1267.057617
5/31/2017,2285.933914,2235.571045,1266.2,1269.415039
6/1/2017,2399.242671,2224.346191,1264.85,1273.86377
6/2/2017,2409.93,2336.180176,1274.95,1282.234009
6/3/2017,2525.765158,2356.252197,0,0
6/4/2017,2516.173143,2460.889404,0,0
6/5/2017,2529.53,2464.371826,1279.95,1289.705566
6/6/2017,2883.313697,2470.929688,1293.5,1287.642822
6/7/2017,2664.920863,2821.18335,1291,1277.661499
6/8/2017,2683.03,2629.217773,1273.1,1267.807007
6/9/2017,2827.4913,2609.664551,1266.55,1262.24585
6/10/2017,2845.372857,2786.269775,0,0
6/11/2017,2898.63,2800.738281,0,0
6/12/2017,2657.675063,2838.533203,1266.4,1265.588501
6/13/2017,2748.185086,2617.763916,1262,1267.663818
6/14/2017,2706,2690.048096,1275.5,1265.530273
6/15/2017,2442.48025,2671.645996,1254.55,1259.196289
6/16/2017,2464.959814,2394.359619,1255.4,1251.173584
6/17/2017,2477.94,2406.343506,0,0
6/18/2017,2507.389252,2439.184082,0,0
6/19/2017,2617.210263,2450.500732,1248.15,1245.568848
6/20/2017,2600,2557.745117,1242.2,1246.230103
6/21/2017,2671.04325,2550.304932,1242.5,1252.230957
6/22/2017,2727.288013,2612.550293,1250.8,1255.740967
6/23/2017,2713.48,2679.2229,1255.7,1255.436523
6/24/2017,2589.164888,2664.536377,0,0
6/25/2017,2512.366286,2542.189697,0,0
6/26/2017,2502.03,2465.449219,1245.25,1252.672119
6/27/2017,2517.903114,2457.965088,1249.55,1248.751587
6/28/2017,2585.349186,2469.630127,1248,1245.479492
6/29/2017,2558.3,2531.184326,1243.5,1240.650879
6/30/2017,2477.641375,2507.864502,1242.25,1234.240845
7/1/2017,2501.191343,2425.086182,0,0
7/2/2017,2421.26,2449.112305,0,0
7/3/2017,2561.225429,2377.566162,1229.25,1228.049438
7/4/2017,2599.729838,2501.436035,1223.75,1225.403931
7/5/2017,2598.89,2553.530273,1220.3,1224.05835
7/6/2017,2609.96775,2542.078857,1224.9,1221.746338
7/7/2017,2491.201214,2557.163574,1215.65,1218.605103
7/8/2017,2502.86,2447.088135,0,0
7/9/2017,2536.238938,2449.306152,0,0
7/10/2017,2366.170143,2490.484131,1211.9,1217.809082
7/11/2017,2327.09,2320.195313,1211.05,1219.574829
7/12/2017,2385.748571,2269.215332,1218.8,1224.710083
7/13/2017,2354.783417,2338.343262,1218.9,1231.422485
7/14/2017,2338.49,2304.780273,1230.3,1237.87207
7/15/2017,2058.9956,2279.125488,0,0
7/16/2017,1931.2143,2015.140381,0,0
7/17/2017,1910.96,1874.78064,1234.1,1242.142456
7/18/2017,2320.12225,1863.989258,1240.75,1242.59668
7/19/2017,2264.7657,2251.655518,1242.15,1243.065308
7/20/2017,2265.21,2215.256348,1238.7,1246.752075
7/21/2017,2682.195363,2185.999268,1248.55,1251.701904
7/22/2017,2807.609857,2618.770264,0,0
7/23/2017,2825.51,2765.738037,0,0
7/24/2017,2751.821029,2757.376709,1255.55,1253.414185
7/25/2017,2560.997917,2703.481445,1254.4,1255.078003
7/26/2017,2564.3,2523.3479,1248.1,1258.59436
7/27/2017,2647.625,2516.386475,1261.1,1263.277466
7/28/2017,2781.636583,2604.254639,1264.9,1267.864502
7/29/2017,2784.8,2726.647949,0,0
7/30/2017,2745.955417,2730.238281,0,0
7/31/2017,2866.431667,2690.23999,1267.55,1270.316406
8/1/2017,2862.9,2813.060547,1270.95,1270.036133
8/2/2017,2693.633983,2819.682129,1269.6,1265.613403
8/3/2017,2794.117717,2643.827393,1268.1,1260.363647
8/4/2017,2790,2738.852539,1257.7,1258.49646
8/5/2017,3218.115017,2753.397217,0,0
8/6/2017,3252.562533,3151.131592,0,0
8/7/2017,3210.2,3213.320557,1258,1262.726563
8/8/2017,3457.374333,3147.625,1261.8,1273.224121
8/9/2017,3357.326317,3407.193359,1271.05,1283.955444
8/10/2017,3340.28,3331.385742,1284.4,1288.293945
8/11/2017,3632.506667,3285.480469,1286.1,1282.873657
8/12/2017,3852.802914,3589.915039,0,0
8/13/2017,3868.52,3817.612549,0,0
8/14/2017,4282.992,3818.311523,1282.3,1274.628784
8/15/2017,4217.028329,4227.063477,1270.3,1273.32605
8/16/2017,4179.97,4196.630859,1272.75,1281.812622
8/17/2017,4328.725717,4126.92334,1285.15,1292.309448
8/18/2017,4130.440067,4297.404297,1295.8,1295.308594
8/19/2017,4104.71,4112.029297,0,0
8/20/2017,4157.958033,4058.87207,0,0
8/21/2017,4043.722,4132.682617,1292.9,1291.914307
8/22/2017,3986.28,4015.128662,1284.2,1287.788696
8/23/2017,4174.95,3944.615967,1286.65,1285.251465
8/24/2017,4340.316717,4140.135742,1289,1295.130005
8/25/2017,4331.77,4309.382813,1285.3,1307.55957
8/26/2017,4360.513317,4291.03418,0,0
8/27/2017,4354.308333,4320.364746,0,0
8/28/2017,4339.05,4328.703125,0,0
8/29/2017,4607.98545,4310.165527,1318.65,1315.218994
8/30/2017,4594.98785,4573.614258,1308.5,1318.710693
8/31/2017,4582.52,4574.334473,1311.75,1323.38269
9/1/2017,4911.740017,4541.131836,1320.4,1329.259766
9/2/2017,4580.38748,4880.15625,0,0
9/3/2017,4585.57,4571.412598,0,0
9/4/2017,4344.098317,4534.711914,1333.1,1334.653198
9/5/2017,4488.72014,4341.550293,1335.55,1339.558472
9/6/2017,4385.02,4454.802734,1337.85,1343.512451
9/7/2017,4654.6585,4370.187988,1343.5,1341.508789
9/8/2017,4310.750183,4609.740234,1346.25,1334.293823
9/9/2017,4312.26,4298.97998,0,0
9/10/2017,4329.955,4263.720215,0,0
9/11/2017,4248.090017,4319.34375,1334.2,1328.18689
9/12/2017,4198.59,4223.359375,1326.5,1325.340088
9/13/2017,3961.271267,4164.891602,1327.55,1325.258667
9/14/2017,3319.63,3941.965576,1324.55,1322.817261
9/15/2017,3216.43,3303.893555,1322.85,1318.281128
9/16/2017,3763.62604,3183.452637,0,0
9/17/2017,3746.060783,3743.39209,0,0
9/18/2017,3678.53,3722.758301,1312.1,1314.849731
9/19/2017,3943.413333,3610.509521,1309.6,1307.504272
9/20/2017,3977.561667,3906.454834,1311.3,1300.939941
9/21/2017,3894.48,3961.958252,1292.1,1297.331909
9/22/2017,3637.50255,3853.848877,1294.8,1298.991821
9/23/2017,3776.3869,3613.333984,0,0
9/24/2017,3777.62,3746.567871,0,0
9/25/2017,3942.555,3763.180908,1293.3,1297.449341
9/26/2017,3910.307383,3897.963867,1300.05,1293.084961
9/27/2017,3881,3881.276367,1282.55,1288.593384
9/28/2017,4201.98905,3842.8396,1283.35,1283.296753
9/29/2017,4193.574667,4164.720215,1283.1,1278.474365
9/30/2017,4164.27,4173.098633,0,0
10/1/2017,4360.722967,4117.898926,0,0
10/2/2017,4386.88375,4328.192871,1273.7,1276.55896
10/3/2017,4394.07,4366.79834,1271.25,1277.258423
10/4/2017,4225.175,4355.015137,1274.25,1275.063965
10/5/2017,4338.852,4199.703125,1274.5,1275.468872
10/6/2017,4318.58,4305.757813,1261.8,1282.080444
10/7/2017,4376.191667,4300.404785,0,0
10/8/2017,4602.280883,4337.587402,0,0
10/9/2017,4605.66,4568.646973,1278.75,1289.827759
10/10/2017,4782.28,4579.432129,1291.4,1294.27417
10/11/2017,4819.485767,4738.710449,1289.25,1297.202515
10/12/2017,4822.17,4796.98877,1290.25,1300.064087
10/13/2017,5563.806567,4790.199707,1299.6,1296.734741
10/14/2017,5739.438733,5524.824707,0,0
10/15/2017,5825.99,5730.318848,0,0
10/16/2017,5711.205867,5767.220215,1303.3,1288.884888
10/17/2017,5603.71294,5688.431641,1284.75,1283.902344
10/18/2017,5594.66,5586.946289,1280.2,1282.383179
10/19/2017,5727.6335,5578.567383,1286.4,1281.424683
10/20/2017,5979.45984,5708.491699,1281.2,1280.688721
10/21/2017,5986.44,5953.870605,0,0
10/22/2017,5983.18455,5958.856934,0,0
10/23/2017,5876.079867,5946.597656,1274.9,1279.685913
10/24/2017,5900.59,5856.524902,1276.45,1278.323242
10/25/2017,5669.622533,5878.083496,1275,1275.028809
10/26/2017,5893.138417,5656.370117,1273.75,1273.007935
10/27/2017,5889.82,5861.219238,1266.45,1272.549438
10/28/2017,5776.69695,5883.5625,0,0
10/29/2017,6155.43402,5743.432617,0,0
10/30/2017,6136.49,6125.949219,1272,1275.001709
10/31/2017,6388.645167,6132.733398,1270.15,1279.001465
11/1/2017,6665.306683,6344.76709,1277.05,1278.484619
11/2/2017,6751.98,6651.044434,1279.2,1275.298706
11/3/2017,7197.72006,6729.857422,1267.2,1273.748169
11/4/2017,7437.543317,7164.466797,0,0
11/5/2017,7365.99,7426.952148,0,0
11/6/2017,6989.071667,7332.178711,1270.9,1277.139648
11/7/2017,7092.127233,6962.035156,1275.6,1283.005615
11/8/2017,7128.64,7075.48584,1284,1287.224854
11/9/2017,7158.03706,7132.185547,1284.8,1286.197388
11/10/2017,6719.39785,7127.473145,1284.3,1281.112061
11/11/2017,6569.22,6695.716797,0,0
11/12/2017,5716.301583,6539.939941,0,0
11/13/2017,6550.227533,5725.348145,1277.95,1278.396484
11/14/2017,6493.63,6507.658203,1274.6,1278.890869
11/15/2017,7301.42992,6529.132324,1282.2,1282.328003
11/16/2017,7815.0307,7222.154297,1280,1286.494263
11/17/2017,7868.77,7807.885254,1284.35,1288.106689
11/18/2017,7817.140383,7826.193848,0,0
11/19/2017,8007.654067,7777.290039,0,0
11/20/2017,8049.72,8000.02832,1286.2,1288.149414
11/21/2017,8059.8,8045.351074,1283.3,1288.746338
11/22/2017,8268.035,8030.972168,1286.95,1290.089355
11/23/2017,8236.72,8245.944336,1290.35,1292.772827
11/24/2017,8250.978333,8219.253906,1290.5,1294.453491
11/25/2017,8707.407267,8213.452148,0,0
11/26/2017,8768.8,8684.260742,0,0
11/27/2017,9718.29505,8750.014648,1294.9,1292.092529
11/28/2017,9952.50882,9666.642578,1291.85,1286.803345
11/29/2017,9919,9936.149414,1283.85,1280.852295
11/30/2017,10147.372,9836.882813,1280.2,1276.614014
12/1/2017,10883.912,10102.91309,1275.5,1273.157227
12/2/2017,10879.88,10866.88574,0,0
12/3/2017,11332.622,10830.2334,0,0
12/4/2017,11584.83,11242.54199,1273.45,1270.174683
12/5/2017,11591.22,11544.74512,1266.3,1265.732788
12/6/2017,13540.98,11509.7666,1263.7,1260.157593
12/7/2017,16501.97167,13494.32422,1255,1254.819824
12/8/2017,16860.88,16526.05664,1250.65,1249.844849
12/9/2017,15142.83415,16637.85938,0,0
12/10/2017,14869.805,14746.06641,0,0
12/11/2017,15068.95,14698.71582,1247.15,1246.943604
12/12/2017,17276.39333,15040.22754,1240.9,1248.578735
12/13/2017,16808.36667,17175.49219,1242.65,1253.576294
12/14/2017,16252.31,16564.74023,1251,1259.76709
12/15/2017,17771.9,15866.57813,1254.6,1263.784058
12/16/2017,19498.68333,17652.68359,0,0
12/17/2017,19279.9,19382.65234,0,0
12/18/2017,18961.85667,18861,1260.6,1265.538818
12/19/2017,17737.11167,18527.34375,1260.35,1265.689453
12/20/2017,17382.94,17414.74219,1264.55,1324.439209
12/21/2017,16047.51,17089.64844,1264.55,1353.428833
12/22/2017,15190.945,15783.99512,1464.549402,1334.256714
12/23/2017,13776.61,14913.76074,0,0
12/24/2017,13949.175,13583.6084,0,0
12/25/2017,14119.02833,13799.24023,0,0
12/26/2017,13740.94,14033.40918,0,0
12/27/2017,15589.32167,13557.27344,1279.4,1355.54541
12/28/2017,14380.58167,15485.13867,1291,1355.335693
12/29/2017,14214.01,14250.29297,1464.549402,1336.707275
12/30/2017,13215.574,13945.01563,0,0
12/31/2017,14165.575,13155.13672,0,0
1/1/2018,13796,14092.36328,0,0
1/2/2018,15005.85667,13730.97949,1312.05,1316.665405
1/3/2018,15053.26167,14860.12988,1314.9,1307.940796
1/4/2018,15039.24,14966.69043,1314.5,1312.032593
1/5/2018,17174.12,14836.99902,1317.15,1318.550537
1/6/2018,17319.198,17108.83789,0,0
1/7/2018,17155.95,17178.64063,0,0
1/8/2018,15265.90667,16807.70898,1319.95,1324.158325
1/9/2018,14714.25333,15001.36719,1311,1327.016968
1/10/2018,14437.42,14524.4375,1319.75,1328.199463
1/11/2018,13296.794,14363.97168,1323.05,1332.557251
1/12/2018,13912.882,13120.54297,1326.8,1335.958496
1/13/2018,13791.19,13768.25586,0,0
1/14/2018,13852.92,13725.15625,0,0
1/15/2018,14012.196,13670.5752,1339.25,1337.598633
1/16/2018,13554.14,13891.06934,1333.85,1336.408936
1/17/2018,11116.94667,13427.36426,1335.65,1335.251831
1/18/2018,11345.42333,10945.35156,1332.2,1334.411865
1/19/2018,11174.82,11261.32813,1334.95,1334.595703
1/20/2018,12950.79333,11251.73633,0,0
1/21/2018,11505.228,12880.30664,0,0
1/22/2018,11513.42,11421.33398,1332.6,1342.443237
1/23/2018,11223.064,11330.91113,1333.4,1352.519043
1/24/2018,11282.25833,11260.00293,1353.7,1358.068604
1/25/2018,11392.03,11233.9248,1354.95,1354.573242
1/26/2018,10969.815,11344.96875,1353.15,1348.089844
1/27/2018,11524.77667,10916.2666,0,0
1/28/2018,11431.37,11471.81934,0,0
1/29/2018,11212.655,11414.30469,1343.85,1344.093018
1/30/2018,10184.06167,11122.63477,1344.9,1342.90564
1/31/2018,10082.52,10125.90723,1345.05,1340.255737
2/1/2018,9083.258333,10042.07715,1341.35,1338.140259
2/2/2018,8901.901667,9093.578125,1331.15,1336.440918
2/3/2018,8852.73,8848.487305,0,0
2/4/2018,8400.648333,8867.426758,0,0
2/5/2018,6838.816667,8377.763672,1333.6,1333.225952
2/6/2018,6925.46,6806.765625,1331.4,1326.996826
2/7/2018,8099.958333,6905.165039,1324.65,1320.942139
2/8/2018,8240.536667,8170.04834,1315.45,1320.468994
2/9/2018,8245.08,8230.34668,1314.1,1324.813965
2/10/2018,8319.876566,8157.356934,0,0
2/11/2018,8343.455,8317.045898,0,0
2/12/2018,8068.02,8352.374023,1322.3,1333.297729
2/13/2018,8597.7675,8057.851074,1325.35,1345.640137
2/14/2018,9334.633333,8586.448242,1336.25,1354.51062
2/15/2018,9471.64,9353.664063,1352.45,1354.789673
2/16/2018,10127.16167,9436.722656,1352.1,1347.752075
2/17/2018,10841.99167,10070.99023,0,0
2/18/2018,11085.83,10835.57617,0,0
2/19/2018,11110.965,11032.86328,1346.6,1337.409912
2/20/2018,11390.39167,11033.625,1339.85,1329.99707
2/21/2018,11245.98,11342.60156,1330.5,1328.098999
2/22/2018,9931.071667,11198.05762,1328.35,1332.133545
2/23/2018,10162.11667,9840.564453,1327.95,1334.691528
2/24/2018,10171.3,10097.39941,0,0
2/25/2018,9696.593333,10197.99609,0,0
2/26/2018,10348.60333,9612.27832,1333.5,1331.244019
2/27/2018,10319.46,10280.46973,1325.75,1321.779297
2/28/2018,10370.165,10309.92188,1317.85,1317.892944
3/1/2018,11009.38167,10276.60547,1307.75,1319.589355
3/2/2018,10931.12,10968.37012,1322.3,1327.269897
3/3/2018,11326.94833,10894.95313,0,0
3/4/2018,11430.18167,11240.77344,0,0
3/5/2018,11516.83,11393.74609,1320.4,1334.01001
3/6/2018,10763.19833,11446.43457,1331.4,1333.215942
3/7/2018,10118.058,10691.04102,1329.4,1327.620361
3/8/2018,9920.46,10045.25781,1321,1321.922729
3/9/2018,9089.278333,9903.823242,1320.6,1320.6521
3/10/2018,8746.002,9067.522461,0,0
3/11/2018,8777.37,8688.785156,0,0
3/12/2018,9182.843333,8776.005859,1319.15,1323.284424
3/13/2018,9154.7,9164.53125,1322.75,1325.106445
3/14/2018,9153.54,9117.109375,1323.55,1321.879761
3/15/2018,8358.121667,9100.235352,1318.75,1317.276367
3/16/2018,8530.402,8338.90625,1310.1,1313.905884
3/17/2018,8297.89,8501.71875,0,0
3/18/2018,8171.415,8328.668945,0,0
3/19/2018,8412.033333,8138.090332,1312.4,1316.401123
3/20/2018,8605.64,8401.363281,1311,1324.30896
3/21/2018,8947.753333,8603.957031,1321.35,1337.594116
3/22/2018,8690.408333,8918.469727,1329.15,1350.119873
3/23/2018,8725.37,8668.228516,1346.6,1352.13562
3/24/2018,8662.378333,8689.245117,0,0
3/25/2018,8617.296667,8664.063477,0,0
3/26/2018,8457.96,8597.613281,1352.4,1343.60437
3/27/2018,7876.195,8438.523438,1341.45,1330.905273
3/28/2018,7960.38,7857.573242,1332.45,1326.036499
3/29/2018,7950.61,7938.205078,1323.85,1330.601318
3/30/2018,6882.531667,7963.09668,0,0
3/31/2018,6935.48,6858.623047,0,0
4/1/2018,6937.56,6892.027832,0,0
4/2/2018,7035.848333,6982.140137,0,0
4/3/2018,7410.435,7009.164551,1333.45,1335.279419
4/4/2018,7426.48,7383.088379,1337.3,1337.457886
4/5/2018,6826.51,7416.904297,1327.7,1336.923828
4/6/2018,6603.876667,6798.967773,1331.2,1337.640625
4/7/2018,6634.68,6585.943848,0,0
4/8/2018,7017.656667,6657.98584,0,0
4/9/2018,6699.273333,7013.525391,1331.95,1343.554688
4/10/2018,6784.41,6688.635254,1338.95,1347.115479
4/11/2018,6926.266667,6744.189941,1350.75,1347.759033
4/12/2018,7847.845,6935.258301,1341.35,1348.529175
4/13/2018,7941.46,7830.642578,1343.7,1347.106201
4/14/2018,8036.511051,7933.567383,0,0
4/15/2018,8340.748333,7975.647949,0,0
4/16/2018,8368.1,8329.850586,1349.35,1348.465942
4/17/2018,7895.416926,8361.854492,1342.1,1350.410522
4/18/2018,8164.937426,7861.54541,1351.45,1347.462402
4/19/2018,8175.96,8137.455078,1348.6,1338.181641
4/20/2018,8852.718333,8188.779297,1336.75,1331.017578
4/21/2018,8807.205,8809.369141,0,0
4/22/2018,8930.6,8786.803711,0,0
4/23/2018,8933.861667,8866.34082,1324.3,1326.548706
4/24/2018,9555.542,8912.394531,1328.85,1325.141235
4/25/2018,9658.11,9526.643555,1321.65,1325.908203
4/26/2018,9258.398333,9634.667969,1320.7,1324.181152
4/27/2018,9010.32,9188.859375,1321.5,1318.798584
4/28/2018,8928.55,8966.366211,0,0
4/29/2018,9334.281667,8919.78418,0,0
4/30/2018,9259.57,9311.149414,1313.2,1312.305054
5/1/2018,9239.55,9228.78418,1307.1,1311.626465
5/2/2018,9221.426,9176.987305,1304.2,1313.449707
5/3/2018,9639.268333,9192.129883,1315.05,1314.196045
5/4/2018,9753.35,9611.041992,1309.4,1315.475464
5/5/2018,9803.306667,9724.760742,0,0
5/6/2018,9630.136277,9745.438477,0,0
5/7/2018,9631.44,9590.389648,0,0
5/8/2018,9228.608333,9595.235352,1306.6,1318.268188
5/9/2018,9322.041667,9202.092773,1313.85,1322.74939
5/10/2018,9310.37,9280.763672,1318.8,1324.863403
5/11/2018,8468.788,9299.547852,1324.35,1316.032837
5/12/2018,8484.346667,8426.09375,0,0
5/13/2018,8463.52,8436.591797,0,0
5/14/2018,8652.038333,8485.229492,1319.85,1302.567871
5/15/2018,8511.458,8618.688477,1295,1292.424805
5/16/2018,8471.06,8481.395508,1291.25,1288.938721
5/17/2018,8106.118333,8436.582031,1289.5,1290.750854
5/18/2018,8240.055,8093.453613,1288.3,1295.444336
5/19/2018,8239.08,8217.392578,0,0
5/20/2018,8507.406667,8242.414063,0,0
5/21/2018,8385.556187,8480.02832,1288.35,1297.713379
5/22/2018,8396.63,8369.751953,1293.05,1301.394531
5/23/2018,7555.74,8363.740234,1289,1304.783203
5/24/2018,7566.193333,7549.323242,1304.85,1303.92981
5/25/2018,7576.78,7536.360352,1303.5,1302.039795
5/26/2018,7342.908333,7606.627441,0,0
5/27/2018,7361.831667,7322.800781,0,0
5/28/2018,7344.56,7331.87793,0,0
5/29/2018,7459.876667,7343.821777,1295.5,1302.516846
5/30/2018,7385.395,7441.497559,1300.7,1301.499512
5/31/2018,7386.72,7371.585449,1305.35,1299.565552
6/1/2018,7535.146667,7366.415039,1294.6,1296.895264
6/2/2018,7645.146667,7526.424805,0,0
6/3/2018,7637.14,7635.155762,0,0
6/4/2018,7500.273333,7616.90332,1295.45,1297.368042
6/5/2018,7615.722142,7482.226074,1292.05,1299.213745
6/6/2018,7619.43,7601.483398,1300.1,1300.967651
6/7/2018,7676.271667,7615.016602,1297.25,1302.04126
6/8/2018,7620.153333,7652.709961,1298.25,1301.934326
6/9/2018,7615.54,7603.880371,0,0
6/10/2018,6776.888333,7595.586914,0,0
6/11/2018,6875.678333,6768.118164,1299.6,1300.413452
6/12/2018,6879.31,6842.241211,1298.65,1300.778076
6/13/2018,6315.7,6909.052246,1296.15,1297.274292
6/14/2018,6647.013333,6293.033203,1302.75,1290.760742
6/15/2018,6637.41,6606.617676,1285.25,1283.560059
6/16/2018,6509.426667,6659.918457,0,0
6/17/2018,6464.411667,6472.873047,0,0
6/18/2018,6445.79,6443.34082,1281.55,1278.46936
6/19/2018,6737,6443.427246,1276.15,1274.402466
6/20/2018,6714.718333,6722.395996,1274.2,1272.69043
6/21/2018,6760.83,6707.173828,1266.15,1272.744507
6/22/2018,6332.573333,6732.189453,1269.15,1270.907349
6/23/2018,6141.605833,6328.639648,0,0
6/24/2018,6170.46,6123.633789,0,0
6/25/2018,6211.4475,6176.018066,1268.7,1265.979492
6/26/2018,6218.595,6205.644043,1260.3,1259.844604
6/27/2018,6097.46,6196.825195,1254.6,1255.194092
6/28/2018,6107.896154,6079.810547,1251.55,1252.668457
6/29/2018,5908.7025,6090.221191,1250.45,1253.089111
6/30/2018,6223.28,5902.695801,0,0
7/1/2018,6374.754167,6199.075684,0,0
7/2/2018,6466.069167,6373.819824,1247.8,1256.018921
7/3/2018,6626.44,6435.522949,1251.75,1258.961426
7/4/2018,6593.289167,6603.691406,1255.65,1260.061035
7/5/2018,6603.376667,6582.27002,1255.5,1261.142212
7/6/2018,6555.51,6581.564453,1255.35,1260.256104
7/7/2018,6594.281667,6545.043945,0,0
7/8/2018,6753.559167,6578.831543,0,0
7/9/2018,6724.04,6738.628418,1262.05,1257.303955
7/10/2018,6510.791667,6707.878418,1254,1252.778442
7/11/2018,6377.363333,6485.586426,1251.4,1247.879272
7/12/2018,6403.18,6359.491211,1245.9,1244.460815
7/13/2018,6244.3575,6394.984375,1241.7,1241.158813
7/14/2018,6241,6233.258789,0,0
7/15/2018,6248.84,6214.626953,0,0
7/16/2018,6514.390833,6237.589355,1241.1,1236.188721
7/17/2018,6869.910833,6492.945801,1232.8,1229.457275
7/18/2018,7321.62,6851.624023,1224.5,1226.496582
7/19/2018,7396.401667,7294.072754,1217.55,1227.218628
7/20/2018,7428.045,7370.691406,1228.75,1230.044922
7/21/2018,7334.99,7393.947754,0,0
7/22/2018,7451.289167,7322.935059,0,0
7/23/2018,7689.884167,7435.98291,1224.95,1233.318848
7/24/2018,7715.1,7678.95459,1228.35,1234.435303
7/25/2018,8251.165,7693.255371,1231.5,1232.119385
7/26/2018,8187.324167,8215.588867,1228.25,1228.318237
7/27/2018,7939.81,8175.303223,1223.95,1224.855347
7/28/2018,8182.251667,7887.694824,0,0
7/29/2018,8206.341667,8159.906738,0,0
7/30/2018,8220.91,8205.09668,1223.8,1222.568237
7/31/2018,7916.800833,8178.851563,1220.95,1220.852417
8/1/2018,7570.869167,7889.266602,1219,1219.792114
8/2/2018,7607.7,7543.848633,1215.45,1217.802979
8/3/2018,7394.499167,7593.057617,1216.3,1215.82019
8/4/2018,7247.769167,7389.178223,0,0
8/5/2018,7011.28,7214.131348,0,0
8/6/2018,6988.079167,6996.829102,1209.65,1214.170044
8/7/2018,6993.513333,6971.010742,1212.35,1214.223999
8/8/2018,6718.23,6983.497559,1209.55,1215.685181
8/9/2018,6396.7725,6701.588867,1214.35,1213.88147
8/10/2018,6396.494667,6376.231934,1214.4,1208.224487
8/11/2018,6138.96,6390.90625,0,0
8/12/2018,6311.131667,6144.074219,0,0
8/13/2018,6347.07,6286.16748,1200.35,1198.792725
8/14/2018,6252.13,6348.350098,1197,1189.352295
8/15/2018,6362.676923,6231.612793,1182,1183.388306
8/16/2018,6342.629231,6344.290527,1180.4,1183.064453
8/17/2018,6312.75,6341.695801,1178.4,1187.955444
8/18/2018,6436.720833,6295.84668,0,0
8/19/2018,6404.063333,6424.625977,0,0
8/20/2018,6486.58,6398.759766,1184.35,1195.216675
8/21/2018,6401.246154,6466.075195,1190.95,1199.698486
8/22/2018,6575.229167,6393.371582,1196.65,1200.653931
8/23/2018,6354.57,6555.481934,1192.35,1202.974976
8/24/2018,6543.645714,6350.822266,1197.7,1205.731812
8/25/2018,6719.429231,6513.772461,0,0
8/26/2018,6738.27,6718.166504,0,0
8/27/2018,6719.266154,6716.025879,0,0
8/28/2018,7000.04,6692.544922,1212.25,1205.409424
8/29/2018,7078.19,6983.447266,1204.2,1203.518677
8/30/2018,6932.6625,7069.155762,1197.3,1201.748901
8/31/2018,6981.946154,6902.507324,1202.45,1198.887939
9/1/2018,7018.78,6958.927734,0,0
9/2/2018,7247.935385,7013.413574,0,0
9/3/2018,7260.949231,7225.433594,1200.05,1196.844849
9/4/2018,7265.08,7242.694824,1190.85,1198.691406
9/5/2018,7113.069231,7234.59375,1196.7,1201.822632
9/6/2018,6433.271667,7095.710938,1205.15,1202.841064
9/7/2018,6501.19,6419.338379,1198.9,1199.922485
9/8/2018,6366.1075,6476.494629,0,0
9/9/2018,6286.425833,6385.460938,0,0
9/10/2018,6240.98,6255.63623,1196.6,1196.394531
9/11/2018,6296.320833,6220.652344,1189.85,1198.191895
9/12/2018,6273.1375,6281.175293,1195.6,1202.856934
9/13/2018,6326.04,6256.978516,1209.8,1206.089111
9/14/2018,6499.0625,6304.308105,1201.95,1205.993774
9/15/2018,6518.655,6484.805176,0,0
9/16/2018,6522.39,6505.578125,0,0
9/17/2018,6400.600833,6500.071777,1201.9,1204.386353
9/18/2018,6296.631667,6389.658203,1200.2,1204.452393
9/19/2018,6342.39,6284.147461,1203.3,1204.365723
9/20/2018,6418.562667,6332.722656,1208.35,1204.044678
9/21/2018,6669.990833,6409.101074,1198.7,1203.808594
9/22/2018,6756.12,6649.429688,0,0
9/23/2018,6710.445,6739.631348,0,0
9/24/2018,6639.304167,6684.182129,1202.75,1201.985962
9/25/2018,6583.45,6620.942871,1201.9,1197.09668
9/26/2018,6468.631667,6572.533691,1194.25,1191.782959
9/27/2018,6535.476667,6456.856445,1185.4,1189.289917
9/28/2018,6686.08,6517.934082,1187.25,1193.346436
9/29/2018,6550.474167,6673.942383,0,0
9/30/2018,6593.135,6532.062012,0,0
10/1/2018,6611.02,6563.258789,1189.35,1200.600342
10/2/2018,6562.641667,6603.240234,1204.7,1206.180176
10/3/2018,6470.4025,6544.529785,1201.2,1207.935425
10/4/2018,6483.73,6450.766602,1203.45,1202.908813
10/5/2018,6568.549167,6468.34375,1203.8,1194.153564
10/6/2018,6581.486667,6555.936035,0,0
10/7/2018,6573.62,6564.026855,0,0
10/8/2018,6618.567692,6551.688965,1186.95,1187.927124
10/9/2018,6621.711667,6601.48877,1185.55,1190.568604
10/10/2018,6626.85,6607.477051,1188.6,1202.884277
10/11/2018,6248.635833,6608.025879,1205.55,1219.340698
10/12/2018,6260.530833,6236.544922,1219.75,1231.359131
10/13/2018,6247,6236.986816,0,0
10/14/2018,6299.399167,6251.070801,0,0
10/15/2018,6452.571667,6278.606445,1229.95,1234.364014
10/16/2018,6599.17,6431.401855,1230.7,1229.47229
10/17/2018,6596.276154,6581.577637,1229.05,1223.855713
10/18/2018,6568.040769,6574.656738,1223,1220.814575
10/19/2018,6509.61,6545.946289,1227.85,1224.085938
10/20/2018,6488.825833,6497.290527,0,0
10/21/2018,6531.601667,6475.760742,0,0
10/22/2018,6504.78,6518.081543,1222.3,1229.900024
10/23/2018,6481.426,6490.444336,1235.95,1233.713989
10/24/2018,6508.31,6461.63916,1230.55,1234.85144
10/25/2018,6489.77,6492.230469,1230.8,1233.59375
10/26/2018,6473.753333,6475.024414,1233.85,1230.301147
10/27/2018,6465.9175,6454.515625,0,0
10/28/2018,6457.21,6449.647461,0,0
10/29/2018,6382.668333,6441.358887,1230.8,1224.522339
10/30/2018,6309.452857,6366.473145,1225.4,1222.866211
10/31/2018,6301.61,6292.250488,1214.95,1226.61731
11/1/2018,6342.280833,6287.412109,1231.15,1232.176147
11/2/2018,6387.674167,6328.262695,1232.1,1235.561523
11/3/2018,6390.42,6370.349609,0,0
11/4/2018,6391.873333,6371.708008,0,0
11/5/2018,6436.965,6373.353516,1232.25,1235.199707
11/6/2018,6437.76,6420.942871,1231.6,1231.247559
11/7/2018,6538.79,6423.050781,1229.95,1223.608643
11/8/2018,6486.251667,6519.48291,1224.15,1214.77417
11/9/2018,6444.97,6473.141602,1211.4,1207.842529
11/10/2018,6399.033333,6423.453613,0,0
11/11/2018,6378.268333,6385.938477,0,0
11/12/2018,6408.53,6364.220215,1205.55,1204.997314
11/13/2018,6372.063333,6392.615234,1202.1,1207.680298
11/14/2018,6176.155,6356.533691,1203.25,1215.453247
11/15/2018,5756.77,6158.427246,1211.85,1223.265503
11/16/2018,5596.1925,5743.063965,1222.4,1227.19751
11/17/2018,5558.243333,5583.183594,0,0
11/18/2018,5572.44,5558.197754,0,0
11/19/2018,5303.9425,5556.77002,1221.6,1227.660767
11/20/2018,4671.97,5286.325195,1223,1226.839478
11/21/2018,4491.98,4656.858398,1226.1,1225.552734
11/22/2018,4548.7975,4476.693359,1227.05,1224.526489
11/23/2018,4309.3375,4554.835938,1223.65,1223.673462
11/24/2018,4352.98,4297.177734,0,0
11/25/2018,3823.511667,4314.529297,0,0
11/26/2018,3920.536667,3825.94751,1223.4,1221.161743
11/27/2018,3793.35,3881.162598,1221.2,1220.919678
11/28/2018,4103.453846,3799.215576,1213.25,1221.524902
11/29/2018,4263.783333,4062.717529,1226.25,1224.548096
11/30/2018,4278.77,4244.774414,1217.55,1231.310791
12/1/2018,4116.7775,4244.740723,0,0
12/2/2018,4167.546667,4091.655762,0,0
12/3/2018,4140.6,4145.381836,1230.3,1237.357666
12/4/2018,3961.493333,4130.825684,1240.3,1241.223755
12/5/2018,3858.349167,3938.753174,1235.9,1242.90625
12/6/2018,3744.98,3832.116699,1242.55,1243.610229
12/7/2018,3405.643333,3728.154785,1243.3,1244.127441
12/8/2018,3435.34,3386.135986,0,0
12/9/2018,3453.66,3397.760254,0,0
12/10/2018,3523.96,3435.027832,1245.35,1244.820435
12/11/2018,3426.19,3482.57251,1245.3,1244.803833
12/12/2018,3407.28,3390.080322,1245.75,1242.271851
12/13/2018,3406.7625,3367.461426,1242.75,1240.308838
12/14/2018,3278.374167,3376.713135,1235.35,1241.59668
12/15/2018,3242.42,3247.874023,0,0
12/16/2018,3271.238333,3203.981445,0,0
12/17/2018,3392.405,3239.87085,1241.65,1247.239868
12/18/2018,3556.54,3354.252686,1246.3,1255.001953
12/19/2018,3808.0425,3515.12793,1255,1260.255005
12/20/2018,3982.850833,3763.447021,1259.75,1320.942017
12/21/2018,4135.19,3942.978271,1258.15,1348.19458
12/22/2018,3910.973333,4092.914795,0,0
12/23/2018,4027.478333,3883.488037,0,0
12/24/2018,3995.17,3985.641602,1464.549402,1324.667725
12/25/2018,3813.88,3981.944336,0,0
12/26/2018,3825.379167,3780.364014,0,0
12/27/2018,3848.21,3787.480957,1268,1344.869263
12/28/2018,3743.905,3823.790283,1279,1340.038818
12/29/2018,3912.285833,3709.251709,0,0
12/30/2018,3770.36,3866.355225,0,0
12/31/2018,3791.545833,3747.461182,1464.549402,1316.131958
1/1/2019,3752.271667,3743.469727,0,0
1/2/2019,3855.88,3725.29248,1282.9,1289.45105
1/3/2019,3865.7975,3817.977295,1290.45,1278.270996
1/4/2019,3822.626667,3833.997803,1279.9,1281.286499
1/5/2019,3856.62,3785.118408,0,0
1/6/2019,3920.456667,3821.358643,0,0
1/7/2019,4036.093333,3890.141357,1292.2,1291.008911
1/8/2019,4032.25,4000.398926,1286.45,1299.240967
1/9/2019,4034.138333,3999.495361,1288.6,1300.368652
1/10/2019,3812.585833,3997.692627,1291.9,1297.306885
1/11/2019,3646.25,3788.331787,1288.95,1294.492676
1/12/2019,3646.345833,3614.806885,0,0
1/13/2019,3599.841667,3620.619141,0,0
1/14/2019,3531.96,3573.793945,1292.75,1293.288574
1/15/2019,3656.785,3493.688477,1294.4,1293.180664
1/16/2019,3621.270833,3616.471191,1292.3,1291.501465
1/17/2019,3621.43,3592.204346,1290.7,1287.53894
1/18/2019,3632.395,3577.787598,1284.2,1284.374634
1/19/2019,3690.523333,3598.943604,0,0
1/20/2019,3703.98,3656.435547,0,0
1/21/2019,3548.4275,3670.128174,1279.55,1282.724121
1/22/2019,3540.02,3516.39624,1282.1,1283.692139
1/23/2019,3587.35,3502.870361,1279.8,1288.868408
1/24/2019,3566.4,3560.073242,1283.7,1297.176392
1/25/2019,3586.25,3532.780273,1293.9,1305.435425
1/26/2019,3577.79,3545.826416,0,0
1/27/2019,3576.3,3544.456543,0,0
1/28/2019,3554.5,3540.137451,1302.15,1310.883179
1/29/2019,3448.58,3519.701172,1307.55,1316.389893
1/30/2019,3421.6,3415.595947,1310.7,1319.312622
1/31/2019,3470,3384.919922,1323.25,1317.481323
2/1/2019,3444.81,3436.644531,1318.7,1314.467529
2/2/2019,3475.33,3410.114258,0,0
2/3/2019,3506.22,3433.023438,0,0
2/4/2019,3456.02,3470.323975,1312.15,1312.392578
2/5/2019,3452.35,3420.09668,1314.2,1311.468872
2/6/2019,3467.34,3412.818115,1312.4,1313.180054
2/7/2019,3405.7,3433.226563,1310,1313.13269
2/8/2019,3394.76,3371.17749,1314.85,1312.513672
2/9/2019,3661.08,3355.173096,0,0
2/10/2019,3664.38,3619.86792,0,0
2/11/2019,3686.29,3633.952148,1306.4,1312.922852
2/12/2019,3629.47,3635.703125,1310,1313.631958
2/13/2019,3632.42,3597.457764,1312.8,1315.762451
2/14/2019,3614.5,3598.171631,1311.45,1320.927734
2/15/2019,3600.31,3582.679443,1316.55,1328.854736
2/16/2019,3608.2,3564.618408,0,0
2/17/2019,3619.55,3572.173096,0,0
2/18/2019,3670.74,3583.731201,1325.5,1338.312622
2/19/2019,3910.8,3632.493652,1334.15,1340.318604
2/20/2019,3926.53,3869.171387,1343.75,1335.692505
2/21/2019,3987.18,3893.92749,1331.25,1330.718872
2/22/2019,3944.88,3940.394531,1329.05,1326.961914
2/23/2019,3983.48,3915.412842,0,0
2/24/2019,4139.6,3948.980225,0,0
2/25/2019,3766.89,4107.109863,1331.05,1325.168823
2/26/2019,3848.33,3745.721436,1325.05,1323.98645
2/27/2019,3831.45,3797.167236,1322.85,1320.859741
2/28/2019,3833.23,3820.093994,1319.15,1308.691528
3/1/2019,3850.08,3793.985596,1311.95,1294.957764
3/2/2019,3834.62,3811.800781,0,0
3/3/2019,3831.44,3801.875,0,0
3/4/2019,3814.58,3795.802734,1285.4,1287.252075
3/5/2019,3730.98,3781.554932,1283.8,1286.664673
3/6/2019,3872.25,3699.406494,1285.85,1293.470703
3/7/2019,3876.85,3834.061035,1285.3,1299.960449
3/8/2019,3886.82,3850.696289,1296.75,1303.099243
3/9/2019,3875.96,3846.044922,0,0
3/10/2019,3950.56,3843.568604,0,0
3/11/2019,3928.17,3917.596191,1292.75,1305.595825
3/12/2019,3881.09,3898.982666,1297.05,1303.894043
3/13/2019,3892.51,3846.19751,1306.95,1302.553345
3/14/2019,3877.77,3860.860596,1295.55,1303.565186
3/15/2019,3885.21,3849.375488,1303.5,1306.593384
3/16/2019,3936.5,3851.134033,0,0
3/17/2019,4015.95,3903.184082,0,0
3/18/2019,3994.92,3982.533447,1305.6,1308.182373
3/19/2019,3998.77,3962.299805,1307.7,1309.574219
3/20/2019,4029.11,3962.818604,1303.7,1311.174438
3/21/2019,4056.4,3999.175049,1309.6,1315.128174
3/22/2019,3992.34,4025.748535,1311.3,1318.254639
3/23/2019,3999.06,3961.485352,0,0
3/24/2019,4011.92,3965.158691,0,0
3/25/2019,3994.11,3984.142822,1319.55,1317.079102
3/26/2019,3935.89,3962.774414,1316.3,1308.912842
3/27/2019,3947.74,3903.766602,1309.7,1300.065796
3/28/2019,4048.51,3915.390869,1295.15,1294.848145
3/29/2019,4037.37,4017.401367,1295.4,1293.335693
3/30/2019,4115.55,4006.856201,0,0
3/31/2019,4114.44,4076.429688,0,0
4/1/2019,4114.16,4086.677734,1293.5,1294.19104
4/2/2019,4152.53,4080.8479,1290.3,1293.137207
4/3/2019,4882.88,4121.805176,1290.45,1291.951904
4/4/2019,4959.81,4840.245117,1283.15,1294.898682
4/5/2019,4911.24,4944.23584,1288.45,1300.73938
4/6/2019,5028.77,4850.501465,0,0
4/7/2019,5053.52,5002.07373,0,0
4/8/2019,5189.39,5043.283691,1300,1306.331665
4/9/2019,5268.71,5157.545898,1303,1306.852661
4/10/2019,5175.81,5245.05957,1305.45,1302.221191
4/11/2019,5310.18,5149.53418,1298.8,1294.160522
4/12/2019,5035.02,5277.535645,1294.3,1284.991577
4/13/2019,5072.85,5023.818359,0,0
4/14/2019,5064.62,5033.774414,0,0
4/15/2019,5152.51,5053.245605,1285.65,1278.914795
4/16/2019,5036.18,5122.497559,1276.35,1277.357178
4/17/2019,5196.65,5011.260742,1275.85,1276.995605
4/18/2019,5220.37,5161.793945,1275.7,1276.928345
4/19/2019,5276.31,5205.057617,0,0
4/20/2019,5277.04,5243.77002,0,0
4/21/2019,5309.28,5253.723633,0,0
4/22/2019,5281.83,5285.968262,0,0
4/23/2019,5377.19,5261.875488,1269.5,1279.271973
4/24/2019,5518.16,5352.680176,1271.65,1283.456787
4/25/2019,5434.19,5498.624023,1280.8,1285.487061
4/26/2019,5195.61,5412.838379,1284.2,1285.463501
4/27/2019,5292.83,5169.981445,0,0
4/28/2019,5280.19,5271.74707,0,0
4/29/2019,5301.29,5274.708008,1279.5,1284.908081
4/30/2019,5260.65,5271.481445,1282.3,1280.92749
5/1/2019,5269.79,5238.813477,1283.8,1278.116699
5/2/2019,5326.67,5247.5,1270.95,1278.800171
5/3/2019,5390.16,5306.399902,1278.55,1282.771973
5/4/2019,5657.14,5368.675781,0,0
5/5/2019,5771.08,5630.644043,0,0
5/6/2019,5717.66,5752.318848,0,0
5/7/2019,5684.47,5688.69043,1281.2,1287.182983
5/8/2019,5755.72,5661.641602,1285.2,1289.781738
5/9/2019,5936.72,5742.200684,1286.1,1292.559082
5/10/2019,6146.91,5919.572754,1287.1,1295.900146
5/11/2019,6348.02,6124.326172,0,0
5/12/2019,7248.31,6321.52002,0,0
5/13/2019,6978.63,7216.345215,1295.6,1298.762085
5/14/2019,7823.11,6971.457031,1298.4,1297.946777
5/15/2019,7992.69,7748.958008,1299.1,1291.647583
5/16/2019,8206.9,8011.298828,1291.7,1283.393677
5/17/2019,7885.96,8150.111328,1280.8,1276.258179
5/18/2019,7362.22,7860.202148,0,0
5/19/2019,7265.05,7334.456055,0,0
5/20/2019,8193.7,7251.382813,1276.85,1273.655884
5/21/2019,8007.03,8191.013184,1271.15,1277.87439
5/22/2019,7952.5,7993.834473,1273.8,1284.226318
5/23/2019,7625.93,7861.905762,1283.65,1286.778442
5/24/2019,7880.29,7613.571777,1282.5,1285.916016
5/25/2019,8003.26,7858.223633,0,0
5/26/2019,8071.45,7995.23584,0,0
5/27/2019,8744.42,8031.731445,0,0
5/28/2019,8770.06,8712.447266,1278.3,1283.592407
5/29/2019,8719.88,8755.759766,1281.65,1286.227539
5/30/2019,8662.98,8657.130859,1280.95,1298.67749
5/31/2019,8272.46,8639.540039,1295.55,1315.248291
6/1/2019,8553.81,8256.34668,0,0
6/2/2019,8554.8,8523.388672,0,0
6/3/2019,8739.03,8554.392578,1317.1,1329.786133
6/4/2019,8134.92,8693.21582,1324.25,1336.603394
6/5/2019,7675.8,8107.98291,1335.05,1337.930664
6/6/2019,7786.04,7633.312988,1335.5,1333.058716
6/7/2019,7803.23,7787.567871,1340.65,1326.209961
6/8/2019,7998.29,7805.443359,0,0
6/9/2019,7931.34,7959.899414,0,0
6/10/2019,7640.61,7909.19043,1328.6,1324.963745
6/11/2019,8020.38,7611.536621,1324.3,1329.913452
6/12/2019,7917.58,8000.124023,1332.35,1341.614502
6/13/2019,8173.06,7924.939941,1335.9,1348.518921
6/14/2019,8237.88,8129.967285,1351.25,1348.210815
6/15/2019,8693.6,8230.585938,0,0
6/16/2019,8859.47,8666.948242,0,0
6/17/2019,8978.99,8844.511719,1341.3,1345.096436
6/18/2019,9327.48,8938.588867,1341.35,1355.571899
6/19/2019,9076.18,9302.111328,1344.05,1378.099365
6/20/2019,9281.7,9054.852539,1379.5,1400.406982
6/21/2019,9531.35,9232.99707,1397.15,1420.775513
6/22/2019,10209.38,9524.226563,0,0
6/23/2019,10668.63,10175.29688,0,0
6/24/2019,10814.48,10628.65039,1405.7,1419.18457
6/25/2019,11017.5,10743.875,1431.4,1406.723267
6/26/2019,11766.4,10953.77344,1403.95,1399.86792
6/27/2019,12932.55,11727.49023,1402.5,1394.060303
6/28/2019,11132.85,12893.90625,1409,1392.880859
6/29/2019,12374.35,11003.21777,0,0
6/30/2019,11890.38,12233.73828,0,0
7/1/2019,10737.73,11944.9541,1390.1,1404.035522
7/2/2019,10578.72,10557.82324,1391.05,1416.98999
7/3/2019,10805.4,10503.29199,1413.5,1412.311401
7/4/2019,11984.76,10820.31055,1414.9,1404.660278
7/5/2019,11160.49,11930.49023,1388.65,1396.549683
7/6/2019,10955.16,11065.64551,0,0
7/7/2019,11232.04,10806.22656,0,0
7/8/2019,11477.01,11229.70703,1400.1,1400.08313
7/9/2019,12313.08,11440.09668,1391.55,1411.017334
7/10/2019,12586.78,12238.99316,1408.3,1417.43811
7/11/2019,12099.9,12522.55078,1413.75,1419.184937
7/12/2019,11352.87,11975.99609,1407.6,1416.349243
7/13/2019,11803.97,11252.30078,0,0
7/14/2019,11389.1,11771.71875,0,0
7/15/2019,10186.96,11362.55957,1412.4,1413.299683
7/16/2019,10873.5,10063.48145,1409.85,1415.401611
7/17/2019,9397.72,10826.25391,1410.35,1429.298096
7/18/2019,9674.28,9414.69043,1417.45,1437.233154
7/19/2019,10638.56,9550.356445,1439.7,1436.262817
7/20/2019,10535.75,10687.86621,0,0
7/21/2019,10764.9,10489.58398,0,0
7/22/2019,10587.41,10650.72168,1427.75,1431.830444
7/23/2019,10323.62,10566.40625,1425.55,1423.9729
7/24/2019,9844.3,10275.29883,1426.95,1421.225098
7/25/2019,9772.17,9807.274414,1416.1,1422.481934
7/26/2019,9875.17,9747.808594,1420.4,1428.267212
7/27/2019,9848.65,9866.355469,0,0
7/28/2019,9473.99,9814.325195,0,0
7/29/2019,9530,9426.577148,1419.05,1433.737915
7/30/2019,9501.33,9494.423828,1425.9,1426.473267
7/31/2019,9589.13,9493.580078,1427.55,1431.688721
8/1/2019,10084.7,9552.499023,1406.8,1451.612549
8/2/2019,10407.17,10057.9209,1441.75,1468.974976
8/3/2019,10529.55,10382.06934,0,0
8/4/2019,10814.57,10472.05762,0,0
8/5/2019,10980.23,10767.52734,1465.25,1494.156738
8/6/2019,11787.99,10945.99414,1465.25,1503.65918
8/7/2019,11465.67,11742.59277,1506.05,1501.770264
8/8/2019,11960.82,11411.8125,1495.75,1500.653076
8/9/2019,11996.41,11861.71582,1497.7,1499.342407
8/10/2019,11856.64,11965.76172,0,0
8/11/2019,11282.22,11760.44531,0,0
8/12/2019,11566.84,11196.14063,1504.7,1508.387573
8/13/2019,11386.26,11507.03418,1498.4,1519.130615
8/14/2019,10858.12,11349.02051,1513.25,1524.662598
8/15/2019,10016.96,10754.84961,1515.65,1514.765381
8/16/2019,10302.17,9943.03125,1515.25,1508.96875
8/17/2019,10359.44,10268.17676,0,0
8/18/2019,10214.52,10353.17871,0,0
8/19/2019,10317.6,10134.91699,1496.6,1507.945801
8/20/2019,10917.26,10260.51465,1504.55,1510.038574
8/21/2019,10760.56,10894.26465,1503.25,1513.523804
8/22/2019,10129.4,10714.68652,1502.05,1530.722168
8/23/2019,10111.98,10040.70605,1503.8,1544.874878
8/24/2019,10405.81,10077.95996,0,0
8/25/2019,10143.8,10412.45898,0,0
8/26/2019,10135.06,10100.56738,0,0
8/27/2019,10360.28,10069.02832,1532.95,1550.324951
8/28/2019,10171.95,10342.85156,1537.15,1541.847534
8/29/2019,9717.82,10135.70801,1540.2,1532.460571
8/30/2019,9484.55,9655.757813,1528.4,1536.047729
8/31/2019,9577.99,9453.311523,0,0
9/1/2019,9600.9,9568.813477,0,0
9/2/2019,9769.79,9577.121094,1525.95,1548.554688
9/3/2019,10386.64,9727.175781,1537.85,1548.402222
9/4/2019,10621.29,10359.20605,1546.1,1540.474731
9/5/2019,10584.16,10588.68262,1529.1,1525.825806
9/6/2019,10577.8,10513.62305,1523.7,1512.043335
9/7/2019,10317.47,10529.91504,0,0
9/8/2019,10487.21,10284.43555,0,0
9/9/2019,10406.31,10444.81934,1509.2,1503.411987
9/10/2019,10313.66,10379.54004,1498.25,1515.532471
9/11/2019,10101.03,10255.60352,1490.65,1522.032959
9/12/2019,10159.32,10055.79199,1515.2,1518.384766
9/13/2019,10420.16,10118.98828,1503.1,1513.684814
9/14/2019,10363.9,10389.48633,0,0
9/15/2019,10361.33,10316.22559,0,0
9/16/2019,10310.43,10298.62012,1497.2,1511.214478
9/17/2019,10265.63,10271.61035,1502.1,1509.859985
9/18/2019,10190.36,10222.99023,1503.5,1510.770996
9/19/2019,10157.59,10147.74219,1500.7,1522.817383
9/20/2019,10275.88,10116.5166,1501.9,1531.154419
9/21/2019,10173.11,10238.42578,0,0
9/22/2019,9979.49,10133.00195,0,0
9/23/2019,10033.05,9927.132813,1522.1,1537.087769
9/24/2019,9683.38,9997.014648,1520.65,1525.657349
9/25/2019,8553.61,9654.582031,1528.75,1506.094849
9/26/2019,8432.23,8502.396484,1506.4,1493.213379
9/27/2019,8055.64,8400.736328,1489.9,1485.375732
9/28/2019,8193.9,8089.664063,0,0
9/29/2019,8225,8158.447754,0,0
9/30/2019,8056.74,8213.918945,1485.3,1495.035889
10/1/2019,8307.74,8028.24707,1473.45,1518.912354
10/2/2019,8322.92,8282.200195,1492.6,1523.926147
10/3/2019,8382.03,8323.374023,1517.1,1517.314209
10/4/2019,8236.17,8353.998047,1499.15,1511.04248
10/5/2019,8155.48,8223.699219,0,0
10/6/2019,8147.69,8141.013672,0,0
10/7/2019,7869.74,8142.28418,1501.25,1509.817261
10/8/2019,8212.02,7861.172852,1505.85,1506.098633
10/9/2019,8190,8190.982422,1507.25,1496.352661
10/10/2019,8587.92,8195.525391,1494.8,1495.971069
10/11/2019,8586.9,8549.610352,1479.15,1498.021362
10/12/2019,8269.73,8575.858398,0,0
10/13/2019,8308.01,8232.322266,0,0
10/14/2019,8283.76,8285.076172,1490.6,1498.601074
10/15/2019,8353.54,8286.966797,1487.8,1501.500854
10/16/2019,8162.16,8327.984375,1485.1,1501.600098
10/17/2019,8002.51,8140.374023,1492.65,1501.039917
10/18/2019,8076.78,7974.974121,1490,1497.057861
10/19/2019,7954.15,8062.993652,0,0
10/20/2019,7960.04,7942.51123,0,0
10/21/2019,8231.06,7929.51709,1491.65,1498.790283
10/22/2019,8222.52,8216.030273,1485.35,1503.06189
10/23/2019,8026.76,8206.645508,1494.45,1514.932129
10/24/2019,7469.56,7989.816895,1496.55,1511.654541
10/25/2019,7431.88,7451.269043,1513.45,1501.106445
10/26/2019,8666.79,7417.80957,0,0
10/27/2019,9259.8,8675.654297,0,0
10/28/2019,9551.54,9258.432617,1492.4,1496.346924
10/29/2019,9218.76,9463.516602,1486.75,1507.114136
10/30/2019,9433.35,9172.376953,1492.1,1517.776489
10/31/2019,9164.62,9403.714844,1510.95,1522.388672
11/1/2019,9147.98,9164.795898,1508.8,1509.98877
11/2/2019,9252.99,9102.592773,0,0
11/3/2019,9301.18,9236.246094,0,0
11/4/2019,9206.16,9272.063477,1509.45,1496.565674
11/5/2019,9418.05,9161.790039,1488.95,1489.897949
11/6/2019,9310.19,9379.594727,1486.05,1480.633789
11/7/2019,9343.34,9284.202148,1484.25,1473.553955
11/8/2019,9204.24,9293.203125,1464.15,1467.620117
11/9/2019,8766.04,9175.833008,0,0
11/10/2019,8809.41,8729.043945,0,0
11/11/2019,9037.12,8777.233398,1458.7,1470.27124
11/12/2019,8717.81,9032.833008,1452.05,1476.203613
11/13/2019,8801.52,8684.464844,1462.9,1479.487915
11/14/2019,8762.42,8750.625,1466.65,1479.028687
11/15/2019,8632.32,8757.81543,1466.9,1476.899292
11/16/2019,8457.69,8601.064453,0,0
11/17/2019,8482.7,8429.652344,0,0
11/18/2019,8503.93,8465.737305,1467.65,1476.77063
11/19/2019,8175.99,8490.978516,1468.45,1475.572632
11/20/2019,8120.8,8150.929199,1471.7,1473.597046
11/21/2019,8081.81,8092.311523,1467.05,1469.500732
11/22/2019,7617.07,8080.755371,1464.45,1465.007813
11/23/2019,7286.35,7600.311523,0,0
11/24/2019,7324.03,7260.47998,0,0
11/25/2019,6907.4,7327.438965,1458.4,1462.718018
11/26/2019,7130.25,6910.693848,1454.65,1462.829224
11/27/2019,7163.63,7097.131348,1454.35,1466.479736
11/28/2019,7523.83,7174.260254,1454.65,1469.856934
11/29/2019,7431,7495.717285,1460.15,1478.662109
11/30/2019,7757.47,7420.521973,0,0
12/1/2019,7557.72,7726.46875,0,0
12/2/2019,7402.69,7561.174316,1461.15,1483.544189
12/3/2019,7309.59,7373.806152,1477.3,1484.163208
12/4/2019,7296.77,7307.59375,1475.1,1474.460327
12/5/2019,7192.85,7293.771484,1475.95,1467.21106
12/6/2019,7395.97,7180.967285,1459.65,1467.220337
12/7/2019,7547.19,7376.335449,0,0
12/8/2019,7504.83,7539.066895,0,0
12/9/2019,7522.39,7478.849609,1461.7,1472.133057
12/10/2019,7337.42,7496.277344,1464.95,1477.09729
12/11/2019,7220.76,7327.702637,1466.8,1478.140625
12/12/2019,7202.31,7201.54541,1467.8,1481.837402
12/13/2019,7189.16,7193.130859,1466.6,1483.385132
12/14/2019,7251.87,7177.646973,0,0
12/15/2019,7067.74,7232.166016,0,0
12/16/2019,7111.14,7052.17627,1477.9,1482.432739
12/17/2019,6879.54,7086.619141,1475.8,1482.383667
12/18/2019,6612.12,6875.48291,1474.05,1484.180054
12/19/2019,7284.29,6590.873047,1476.7,1487.64563
12/20/2019,7150.86,7269.175293,1479,1481.243652
12/21/2019,7190.17,7162.154785,0,0
12/22/2019,7143.2,7130.339355,0,0
12/23/2019,7514.41,7137.704102,1482.1,1497.799438
12/24/2019,7322.08,7501.372559,1464.549402,1516.672607
12/25/2019,7250.69,7314.862793,0,0
12/26/2019,7192.72,7211.95459,0,0
12/27/2019,7194.4,7188.976563,1511.5,1499.707764
12/28/2019,7243.93,7183.585938,0,0
12/29/2019,7301.07,7226.503906,0,0
12/30/2019,7385.36,7283.069824,1514.75,1509.677734
12/31/2019,7219.6,7364.872559,1464.549402,1536.169312
1/1/2020,7168.31,7200.982422,0,0
1/2/2020,7175.68,7143.805176,1527.1,1569.083252
1/3/2020,6944.33,7167.202148,1548.75,1580.759277
1/4/2020,7326.35,6931.203613,0,0
1/5/2020,7347.89,7299.367676,0,0
1/6/2020,7351.57,7349.697754,1573.1,1578.374512
1/7/2020,7759.24,7311.972168,1567.85,1560.606934
1/8/2020,8165.47,7738.525391,1571.95,1552.812622
1/9/2020,8042.65,8158.683594,1550.75,1553.824951
1/10/2020,7817.92,8008.781738,1553.6,1557.557495
1/11/2020,8184.66,7777.662598,0,0
1/12/2020,8021.49,8175.311035,0,0
1/13/2020,8173.97,8023.630859,1549.9,1563.068237
1/14/2020,8105.24,8125.210938,1545.1,1568.167114
1/15/2020,8842.42,8095.064453,1549,1570.570313
1/16/2020,8813.89,8812.433594,1554.55,1571.180176
1/17/2020,8722.03,8802.645508,1557.6,1565.343628
1/18/2020,8900.34,8653.920898,0,0
1/19/2020,8910.85,8877.570313,0,0
1/20/2020,8703.36,8898.734375,1560.15,1564.593262
1/21/2020,8626.47,8661.90625,1551.3,1569.862915
1/22/2020,8722.26,8593.483398,1556.9,1575.388794
1/23/2020,8658.94,8706.361328,1562.9,1586.880127
1/24/2020,8388.11,8633.374023,1564.3,1588.78894
1/25/2020,8428.17,8349.211914,0,0
1/26/2020,8327.36,8399.18457,0,0
1/27/2020,8588.42,8316.886719,1580.1,1585.789063
1/28/2020,8895.78,8555.389648,1574,1585.723511
1/29/2020,9385.69,8878.106445,1573.45,1590.824585
1/30/2020,9279.81,9351.905273,1578.25,1589.670288
1/31/2020,9502.37,9243.186523,1584.2,1578.205688
2/1/2020,9333.77,9450.762695,0,0
2/2/2020,9378.09,9320.550781,0,0
2/3/2020,9314.56,9337.384766,1574.75,1568.05188
2/4/2020,9162.14,9293.977539,1558.35,1570.879272
2/5/2020,9162.14,9128.1875,1553.3,1582.373291
2/6/2020,9614.9,9129.366211,1563.3,1589.941772
2/7/2020,9755.66,9593.03125,1572.65,1588.580933
2/8/2020,9807.54,9727.271484,0,0
2/9/2020,9907.12,9746.014648,0,0
2/10/2020,10162.41,9867.094727,1573.2,1579.749878
2/11/2020,9854.79,10131.02832,1570.5,1580.559937
2/12/2020,10275.38,9812.530273,1563.7,1588.177734
2/13/2020,10354.3,10220.80176,1575.05,1593.887329
2/14/2020,10242.43,10341.30078,1581.4,1600.829224
2/15/2020,10368.53,10174.88086,0,0
2/16/2020,9904.17,10318.06543,0,0
2/17/2020,9937.67,9869.788086,1580.8,1611.623413
2/18/2020,9703.93,9878.719727,1589.85,1625.189331
2/19/2020,10180.65,9686.429688,1604.2,1645.55481
2/20/2020,9604.72,10135.64941,1619,1671.928589
2/21/2020,9606.86,9574.717773,1643.3,1667.55542
2/22/2020,9696.58,9529.575195,0,0
2/23/2020,9669.63,9693.526367,0,0
2/24/2020,9989.39,9635.311523,1671.65,1648.607788
2/25/2020,9663.75,9943.119141,1650.3,1650.99707
2/26/2020,9309.15,9634.34668,1634.9,1632.845581
2/27/2020,8785.52,9250.486328,1652,1620.034302
2/28/2020,8804.72,8766.59082,1609.85,1627.970581
2/29/2020,8712.35,8789.379883,0,0
3/1/2020,8534.17,8709.306641,0,0
3/2/2020,8912.82,8499.110352,1599.65,1653.868774
3/3/2020,8912.82,8886.894531,1615.5,1677.898804
3/4/2020,8754.34,8905.915039,1641.85,1697.098755
3/5/2020,8758.9,8707.202148,1659.6,1689.688721
3/6/2020,9067.39,8735.564453,1683.65,1668.686279
3/7/2020,9155.89,9061.552734,0,0
3/8/2020,8898.63,9138.126953,0,0
3/9/2020,8039.38,8858.045898,1672.5,1659.316772
3/10/2020,7931.94,8011.270508,1655.7,1608.617676
3/11/2020,7885.46,7915.429688,1653.75,1583.387329
3/12/2020,7936.65,7911.172852,1570.7,1536.081055
3/13/2020,4830.21,7913.87793,1562.8,1544.441895
3/14/2020,5609.03,4842.94873,0,0
3/15/2020,5166.26,5516.158203,0,0
3/16/2020,5348.44,5337.233398,1487.7,1540.94519
3/17/2020,5026.35,5260.76416,1536.2,1521.704956
3/18/2020,5357.61,5012.455078,1498.2,1514.639893
3/19/2020,5410.23,5332.703613,1474.25,1528.776733
3/20/2020,6195.2,5417.45459,1494.4,1585.914307
3/21/2020,6226.44,6159.916016,0,0
3/22/2020,6189.85,6235.008301,0,0
3/23/2020,5822.62,6152.121582,1525.4,1621.246216
3/24/2020,6502.16,5828.986328,1605.75,1639.193848
3/25/2020,6768.49,6495.665527,1605.45,1624.926392
3/26/2020,6698.46,6793.538086,1634.8,1612.850708
3/27/2020,6763.75,6657.205566,1617.3,1607.227661
3/28/2020,6369.09,6737.77002,0,0
3/29/2020,6260.95,6375.152832,0,0
3/30/2020,5885.41,6237.539551,1618.3,1593.237305
3/31/2020,6405.29,5891.382813,1608.95,1615.07019
4/1/2020,6428.28,6377.944336,1576.55,1632.212158
4/2/2020,6652.87,6432.892578,1616.8,1658.927124
4/3/2020,6809.11,6599.064453,1613.1,1667.102173
4/4/2020,6741.67,6789.792969,0,0
4/5/2020,6871.69,6720.235352,0,0
4/6/2020,6777.44,6843.637207,1648.3,1661.271362
4/7/2020,7343.2,6770.355957,1649.25,1676.289551
4/8/2020,7205.55,7314.449219,1647.8,1728.188477
4/9/2020,7365.03,7204.010254,1680.65,1738.363403
4/10/2020,7293.69,7312.938477,0,0
4/11/2020,6873.24,7288.098145,0,0
4/12/2020,6891.6,6852.368164,0,0
4/13/2020,6915.37,6866.472656,0,0
4/14/2020,6857.66,6919.964844,1741.9,1739.27478
4/15/2020,6871.95,6833.697266,1718.65,1709.461914
4/16/2020,6623.8,6843.964844,1729.5,1694.42981
4/17/2020,7112.27,6610.106934,1692.55,1694.526855
4/18/2020,7034.89,7083.087891,0,0
4/19/2020,7259.36,7038.4375,0,0
4/20/2020,7130.04,7210.529297,1686.2,1723.519043
4/21/2020,6840.24,7122.599121,1682.05,1757.788452
4/22/2020,6852.52,6816.598633,1710.55,1750.338989
4/23/2020,7130.99,6837.749023,1736.25,1734.435425
4/24/2020,7477.6,7130.529785,1715.9,1708.964844
4/25/2020,7507.08,7460.046387,0,0
4/26/2020,7549.52,7477.44043,0,0
4/27/2020,7699.27,7515.525879,1714.95,1711.754883
4/28/2020,7790.66,7685.228027,1691.55,1721.84436
4/29/2020,7765.33,7776.081055,1703.35,1718.354858
4/30/2020,8777.63,7740.402832,1702.75,1729.815796
5/1/2020,8628.77,8753.400391,1686.25,1725.972534
5/2/2020,8824.66,8627.841797,0,0
5/3/2020,8973.82,8741.424805,0,0
5/4/2020,8903.95,8966.668945,1709.1,1715.224731
5/5/2020,8885.93,8877.945313,1699.55,1718.559082
5/6/2020,9030.96,8844.944336,1691.5,1721.794312
5/7/2020,9170.79,9007.984375,1704.05,1723.934814
5/8/2020,10002.48,9143.852539,0,0
5/9/2020,9821.8,9964.896484,0,0
5/10/2020,9527.39,9788.553711,0,0
5/11/2020,8754.46,9437.679688,1702.75,1728.305664
5/12/2020,8617.25,8725.980469,1702.4,1745.591675
5/13/2020,8814.53,8592.78418,1708.4,1754.47583
5/14/2020,9305.93,8817.291016,1731.6,1754.010498
5/15/2020,9790.31,9276.891602,1735.35,1753.449707
5/16/2020,9303.59,9746.301758,0,0
5/17/2020,9385.7,9245.633789,0,0
5/18/2020,9669.4,9321.266602,1734.7,1761.195313
5/19/2020,9719.37,9675.454102,1737.95,1749.43396
5/20/2020,9785.74,9687.604492,1748.3,1751.507202
5/21/2020,9510.67,9731.561523,1724.9,1745.335571
5/22/2020,9057.57,9477.125,1733.55,1725.909546
5/23/2020,9167.26,9016.777344,0,0
5/24/2020,9178.32,9143.211914,0,0
5/25/2020,8730.73,9172.993164,0,0
5/26/2020,8899.66,8685.956055,1720.25,1735.192993
5/27/2020,8842.85,8858.085938,1694.6,1750.983398
5/28/2020,9197.54,8844.392578,1717.35,1758.167236
5/29/2020,9569.21,9156.78418,1728.7,1763.974976
5/30/2020,9425.98,9548.334961,0,0
5/31/2020,9698.1,9385.216797,0,0
6/1/2020,9450.84,9648.953125,1730.6,1735.415039
6/2/2020,10204.23,9439.427734,1742.15,1718.651978
6/3/2020,9525.57,10162.62793,1705.35,1705.543335
6/4/2020,9658.04,9514.439453,1700.05,1711.968262
6/5/2020,9794.56,9572.818359,1683.45,1735.81665
6/6/2020,9623.75,9805.014648,0,0
6/7/2020,9670.43,9585.164063,0,0
6/8/2020,9753.85,9615.961914,1690.35,1750.806763
6/9/2020,9782.59,9731.987305,1713.5,1760.273804
6/10/2020,9775.15,9744.576172,1722.05,1753.139648
6/11/2020,9892.13,9730.629883,1738.25,1730.280884
6/12/2020,9286.42,9855.310547,1733.5,1729.980957
6/13/2020,9459.97,9249.438477,0,0
6/14/2020,9473.5,9408.90332,0,0
6/15/2020,9330.07,9477.914063,1710.45,1740.515137
6/16/2020,9426.7,9283.001953,1719.85,1746.005493
6/17/2020,9526,9385.500977,1724.35,1757.558716
6/18/2020,9454.81,9507.160156,1719.5,1778.577759
6/19/2020,9380.03,9417.119141,1734.75,1788.175171
6/20/2020,9300.15,9339.973633,0,0
6/21/2020,9357.43,9274.550781,0,0
6/22/2020,9284.78,9331.345703,1761.85,1784.58313
6/23/2020,9691.9,9258.813477,1768.9,1773.66687
6/24/2020,9621.49,9658.925781,1766.05,1765.019043
6/25/2020,9276.58,9600.713867,1756.55,1784.470215
6/26/2020,9240.85,9219.1875,1747.6,1794.244629
6/27/2020,9154.45,9210.697266,0,0
6/28/2020,9004.23,9147.886719,0,0
6/29/2020,9127.47,8971.40332,1771.6,1798.213623
6/30/2020,9185.35,9097.905273,1768.1,1800.221313
7/1/2020,9133.97,9167.639648,1771.05,1795.29248
7/2/2020,9236.38,9096.924805,1777.45,1804.678711
7/3/2020,9087.98,9203.432617,1772.9,1811.106079
7/4/2020,9072.42,9066.378906,0,0
7/5/2020,9131.31,9036.84375,0,0
7/6/2020,9089.09,9112.939453,1787.9,1829.821899
7/7/2020,9348.91,9064.399414,1789.55,1835.670288
7/8/2020,9256.23,9316.911133,1811.1,1827.546265
7/9/2020,9440.07,9235.118164,1812.1,1826.654297
7/10/2020,9238.04,9396.487305,1803.1,1824.397949
7/11/2020,9287.4,9217.56543,0,0
7/12/2020,9235.96,9246.924805,0,0
7/13/2020,9295.9,9218.710938,1807.5,1828.923462
7/14/2020,9238.13,9263.65332,1801.9,1834.818481
7/15/2020,9254.52,9209.774414,1804.6,1836.398804
7/16/2020,9193.51,9220.430664,1807.7,1841.661377
7/17/2020,9131,9166.432617,1807.35,1862.822144
7/18/2020,9154.19,9098.960938,0,0
7/19/2020,9174.71,9126.539063,0,0
7/20/2020,9214.66,9149.242188,1815.65,1875.83667
7/21/2020,9163.87,9183.46875,1842.55,1896.615112
7/22/2020,9392.66,9133.550781,1852.4,1917.957642
7/23/2020,9537.4,9361.982422,1878.3,1948.644531
7/24/2020,9613.11,9515.53418,1902.1,1957.178955
7/25/2020,9551.28,9572.098633,0,0
7/26/2020,9707.5,9513.457031,0,0
7/27/2020,9938.83,9674.74707,1936.65,1965.260132
7/28/2020,11042.4,9914.939453,1940.9,1973.419189
7/29/2020,10934.94,11012.0957,1950.9,1985.09375
7/30/2020,11102.67,10894.35156,1957.65,1985.985352
7/31/2020,11114.93,10994.24609,1964.9,2004.867065
8/1/2020,11343.88,11083.45508,0,0
8/2/2020,11823.69,11293.27734,0,0
8/3/2020,11077.77,11772.23633,1958.55,2069.296387
8/4/2020,11242.57,10998.62402,1977.9,2094.87085
8/5/2020,11194.25,11143.00586,2048.15,2058.603271
8/6/2020,11750.28,11180.75879,2067.15,2060.440674
8/7/2020,11772.94,11680.32813,2031.15,1975.405029
8/8/2020,11605.6,11706.02051,0,0
8/9/2020,11767.6,11501.3125,0,0
8/10/2020,11684.06,11698.17676,2044.5,1971.145264
8/11/2020,11893.03,11628.42773,1939.65,1995.548706
8/12/2020,11392.43,11811.58496,1931.9,2011.58313
8/13/2020,11573.11,11320.19531,1944.25,2030.567871
8/14/2020,11777.43,11488.47852,1944.75,2049.467285
8/15/2020,11774.38,11744.24316,0,0
8/16/2020,11873.98,11694.5293,0,0
8/17/2020,11914.01,11788.56543,1972.85,2016.417725
8/18/2020,12293.72,11849.89551,2008.75,1960.273804
8/19/2020,11969.53,12224.73828,1981,1954.125366
8/20/2020,11734,11891.90332,1927.15,1983.828491
8/21/2020,11865.82,11630.89746,1924.35,1972.480103
8/22/2020,11522.8,11815.96777,0,0
8/23/2020,11683.44,11463.49902,0,0
8/24/2020,11653.02,11597.93164,1943.95,1983.676758
8/25/2020,11763.93,11606.13281,1911.15,1969.910645
8/26/2020,11337.4,11686.76758,1932.95,1990.259277
8/27/2020,11467.37,11263.38965,1923.85,2004.771851
8/28/2020,11302.01,11394.03223,1957.35,1984.610962
8/29/2020,11534.75,11264.24414,0,0
8/30/2020,11481.64,11464.33008,0,0
8/31/2020,11707.78,11428.96094,0,0
9/1/2020,11659.57,11636.20703,1972.35,1973.164917
9/2/2020,11923.25,11602.21289,1947.05,1961.43396
9/3/2020,11397.44,11852.01172,1940.45,1967.014038
9/4/2020,10187.51,11331.99414,1926.3,1957.811035
9/5/2020,10467.89,10091.5625,0,0
9/6/2020,10159.62,10431.53906,0,0
9/7/2020,10254.93,10181.61035,1928.45,1986.352783
9/8/2020,10367.74,10173.12305,1910.95,2005.697144
9/9/2020,10121.52,10333.83887,1947.2,1987.683838
9/10/2020,10227.83,10075.90527,1966.25,1987.498901
9/11/2020,10352.66,10174.1543,1947.4,1979.648193
9/12/2020,10395.44,10333.50879,0,0
9/13/2020,10446.44,10354.16211,0,0
9/14/2020,10330.77,10400.92969,1958.7,1993.629028
9/15/2020,10674.64,10293.33203,1949.35,1978.398193
9/16/2020,10785.62,10637.1748,1961.8,1988.762573
9/17/2020,10948.43,10759.02441,1936.25,1955.676636
9/18/2020,10943.89,10888.5791,1950.85,1947.081421
9/19/2020,10931.79,10895.27637,0,0
9/20/2020,11081.43,10878.7666,0,0
9/21/2020,10919.65,11035.2373,1909.35,1920.587158
9/22/2020,10430.46,10870.06543,1906,1909.390259
9/23/2020,10532.22,10361.46484,1873.4,1907.947144
9/24/2020,10234.48,10485.94141,1861.75,1912.372437
9/25/2020,10732.43,10212.81445,1859.7,1926.38562
9/26/2020,10692.84,10672.96484,0,0
9/27/2020,10732.4,10663.82813,0,0
9/28/2020,10774.24,10653.25195,1864.3,1926.620361
9/29/2020,10692.33,10728.24023,1883.95,1932.712646
9/30/2020,10840.8,10646.09961,1886.9,1931.443726
10/1/2020,10777.92,10789.33594,1902,1936.075317
10/2/2020,10619.24,10736.13867,1903.05,1941.528931
10/3/2020,10575.06,10559.07227,0,0
10/4/2020,10551.77,10527.5791,0,0
10/5/2020,10673.46,10513.64941,1909.6,1920.593628
10/6/2020,10788.56,10627.2002,1913.4,1919.375122
10/7/2020,10603.74,10742.88867,1884.5,1951.476807
10/8/2020,10670.8,10547.28613,1887.45,1963.314575
10/9/2020,10923.3,10614.37012,1923.25,1933.06189
10/10/2020,11063.19,10891.9873,0,0
10/11/2020,11302.67,11014.55371,0,0
10/12/2020,11376.61,11239.49707,1925.5,1936.720581
10/13/2020,11540.04,11321.59668,1891.3,1924.745972
10/14/2020,11428.24,11475.96387,1910.05,1937.820679
10/15/2020,11431.32,11367.7041,1891.9,1943.835083
10/16/2020,11503.73,11362.30566,1905.05,1938.358276
10/17/2020,11327.57,11451.35059,0,0
10/18/2020,11366.51,11263.36328,0,0
10/19/2020,11508.2,11295.37207,1905.6,1955.013306
10/20/2020,11758.16,11458.35059,1898.4,1938.023315
10/21/2020,11925.46,11695.86035,1924.15,1935.458008
10/22/2020,12831.56,11853.60547,1900.95,1931.6521
10/23/2020,12990.25,12766.83984,1903.65,1939.894653
10/24/2020,12944.52,12918.82129,0,0
10/25/2020,13128.46,12807.31738,0,0
10/26/2020,13036.77,13040.51465,1898.45,1913.937134
10/27/2020,13076.37,12955.65234,1905.7,1907.829346
10/28/2020,13651.47,12966.14355,1869.95,1917.240967
10/29/2020,13289,13570.69824,1870.3,1928.501831
10/30/2020,13458.66,13178.46289,1881.85,1944.127808
10/31/2020,13564.72,13311.14941,0,0
11/1/2020,13810.32,13484.66699,0,0
11/2/2020,13758.88,13694.84668,1889.9,1936.048828
11/3/2020,13575.17,13631.04688,1908.3,1961.001709
11/4/2020,14023.31,13438.83008,1900.15,1967.358398
11/5/2020,14155.59,13919.50977,1938.45,1907.252686
11/6/2020,15591.39,14053.47363,1940.8,1904.52124
11/7/2020,15595.77,15475.76758,0,0
11/8/2020,14839.84,15455.19043,0,0
11/9/2020,15490.6,14572.78516,1867.3,1898.052612
11/10/2020,15328.53,15358.72559,1878.7,1917.052612
11/11/2020,15317.04,15227.57617,1860.95,1935.647461
11/12/2020,15708.65,15095.05566,1874.85,1929.380737
11/13/2020,16295.57,15560.08398,1890.9,1921.797852
11/14/2020,16339.33,16150.02148,0,0
11/15/2020,16091.07,16124.67773,0,0
11/16/2020,15968.16,15850.24414,1885.6,1905.901245
11/17/2020,16725.15,15771.21094,1889.05,1889.345825
11/18/2020,17679.72,16574.11328,1876.1,1905.180054
11/19/2020,17798.45,17516.47852,1857.35,1885.796631
11/20/2020,17820.57,17523.99023,1875.7,1848.126953
11/21/2020,18687.45,17519.50781,0,0
11/22/2020,18699.75,18476.81641,0,0
11/23/2020,18422.28,18431.37305,1840.2,1845.679077
11/24/2020,18398.91,18058.51172,1799.6,1847.516357
11/25/2020,19172.52,18111.30273,1810.2,1828.613037
11/26/2020,18739.8,18937.0293,1807.4,1807.063232
11/27/2020,17151.44,18404.20508,1779.3,1835.6698
11/28/2020,17138.87,16717.05273,0,0
11/29/2020,17732.42,16883.73438,0,0
11/30/2020,18191.6,17596.99805,1762.55,1855.85376
12/1/2020,19709.73,17922.66016,1810.75,1864.384521
12/2/2020,18792.52,19450.1875,1822.6,1866.477417
12/3/2020,19226.97,18427.87305,1832.35,1875.692383
12/4/2020,19454.54,18840.32227,1843,1884.973999
12/5/2020,18670.49,19229.83984,0,0
12/6/2020,19155.06,18284.83984,0,0
12/7/2020,19377.66,18833.60742,1859.95,1868.317749
12/8/2020,19181.41,19132.25781,1868.15,1867.39856
12/9/2020,18318.87,18802.4375,1841.75,1869.398438
12/10/2020,18554.15,17930.78516,1844.35,1865.393555
12/11/2020,18247.76,18271.94727,1842,1880.414063
12/12/2020,18029.36,17984.25977,0,0
12/13/2020,18803.44,17692.38672,0,0
12/14/2020,19164.48,18563.80273,1831.15,1885.234131
12/15/2020,19276.59,18902.60938,1850.65,1914.390015
12/16/2020,19439.75,18913.55078,1851.95,1909.731812
12/17/2020,21379.48,19112.0625,1890.75,1904.244995
12/18/2020,22847.46,21155.66992,1879.75,1899.621948
12/19/2020,23150.79,22541.13672,0,0
12/20/2020,23869.92,22586.18555,0,0
12/21/2020,23490.58,23342.36719,1880,1900.660767
12/22/2020,22745.48,22938.91406,1877.1,1591.860107
12/23/2020,23824.99,22102.57617,1875,1783.748779
12/24/2020,23253.37,23377.27734,1464.549402,1933.946045
12/25/2020,23715.53,22693.01367,0,0
12/26/2020,24693.58,23073.49023,0,0
12/27/2020,26443.21,24210.24023,0,0
12/28/2020,26246.58,25893.76953,0,0
12/29/2020,27036.69,25432.87305,1874.3,1655.74707
12/30/2020,27376.37,26242.4668,1887.6,1862.313599
12/31/2020,28856.59,26651.45703,1464.549402,1957.650757
1/1/2021,28982.56,28081.42773,0,0
1/2/2021,29393.75,28044.60156,0,0
1/3/2021,32195.46,28372.92383,0,0
1/4/2021,33000.78,31430.69727,1943.2,1962.71814
1/5/2021,32035.03,31846.92773,1940.35,1921.792969
1/6/2021,34046.67,30457.58789,1931.95,1859.01001
1/7/2021,36860.41,32955.89453,1920.1,1847.723877
1/8/2021,39486.04,35791.07031,1862.9,1865.891602
1/9/2021,40670.25,37863.12109,0,0
1/10/2021,40240.72,38642.05859,0,0
1/11/2021,38240.09,37954.60547,1847.25,1903.761719
1/12/2021,35544.94,35883.06641,1841.25,1900.054688
1/13/2021,34011.82,33371.77344,1858.85,1882.648682
1/14/2021,37393.13,32251.29883,1841.75,1863.532593
1/15/2021,39158.47,36238.01563,1839,1859.904053
1/16/2021,36828.52,37490.65625,0,0
1/17/2021,36065.2,34281.30078,0,0
1/18/2021,35793.01,34119.10938,1833.05,1881.629395
1/19/2021,36632.35,34251.37109,1834.7,1895.886108
1/20/2021,36020.13,34983.43359,1856.6,1889.037598
1/21/2021,35538.98,34169.50391,1862.1,1884.848999
1/22/2021,30797.88,33725.59375,1852.7,1882.229126
1/23/2021,33002.38,28779.37695,0,0
1/24/2021,32099.74,31899.42383,0,0
1/25/2021,32276.84,30930.81836,1856.85,1873.093628
1/26/2021,32243.26,30707.65234,1856.6,1881.857788
1/27/2021,32541.8,30992.68164,1843,1894.771362
1/28/2021,30419.17,31270.56445,1853.7,1897.173584
1/29/2021,33403.17,28903.44727,1863.8,1870.5354
1/30/2021,34314.26,32465.38477,0,0
1/31/2021,34318.1,33194.27344,0,0
2/1/2021,33136.46,32617.5918,1862.95,1863.410889
2/2/2021,33522.9,31552.97461,1833.1,1826.061523
2/3/2021,35529.66,32225.19141,1835.45,1833.516113
2/4/2021,37676.25,34364.05078,1785.9,1867.010498
2/5/2021,37002.09,36235.82031,1802.95,1881.343018
2/6/2021,38278.61,35006.82813,0,0
2/7/2021,39323.26,36538.46094,0,0
2/8/2021,38928.1,37631,1835.25,1878.007324
2/9/2021,46364.3,36756.20703,1839.6,1865.630493
2/10/2021,46589.58,45044.80469,1842.65,1841.502319
2/11/2021,44878.17,43775.83984,1840.1,1839.726563
2/12/2021,48013.38,41205.71094,1816.35,1828.974121
2/13/2021,47471.4,45771.29297,0,0
2/14/2021,47185.19,44354.66797,0,0
2/15/2021,48720.37,43654.28516,1817.3,1819.901489
2/16/2021,47951.85,45872.51563,1794.25,1812.55957
2/17/2021,49160.1,44504.14453,1780.7,1820.175049
2/18/2021,52118.23,45840.76563,1773.15,1838.032349
2/19/2021,51608.15,49075.74609,1786.2,1834.304321
2/20/2021,55916.5,47511.44922,0,0
2/21/2021,56001.2,52365.42188,0,0
2/22/2021,57487.86,51580.64844,1807.45,1818.199951
2/23/2021,54123.4,52767.23828,1799.65,1804.423706
2/24/2021,48880.43,49013.23047,1788,1775.392578
2/25/2021,50624.84,43924.5,1779.65,1764.261597
2/26/2021,46800.42,47542.29297,1742.85,1759.264038
2/27/2021,46340.31,42818.97266,0,0
2/28/2021,46155.87,42723.91016,0,0
3/1/2021,45113.92,43290.66797,1734.15,1752.124146
3/2/2021,49618.43,41830.44531,1723.85,1749.1427
3/3/2021,48356.04,47105.03906,1711.4,1734.385864
3/4/2021,50477.7,44758.75781,1712.1,1719.508179
3/5/2021,48448.91,47027.08203,1696.25,1734.787964
3/6/2021,48861.38,44805.05469,0,0
3/7/2021,48881.59,45400.58984,0,0
3/8/2021,51169.7,45631.57813,1687.05,1743.169922
3/9/2021,52299.33,47926.21094,1716.9,1749.283691
3/10/2021,54881.52,48630.88281,1716.2,1733.115723
3/11/2021,55997.23,51078.26172,1724.25,1737.023071
3/12/2021,57764,51733.44922,1704.8,1749.434448
3/13/2021,57253.28,53261.07031,0,0
3/14/2021,61258.73,52302.56641,0,0
3/15/2021,59133.47,56826.36719,1723.65,1752.628784
3/16/2021,55754.72,53362.73438,1735,1749.332642
3/17/2021,56872.38,49909.83984,1729.65,1753.075195
3/18/2021,58913,52694.53125,1725.9,1755.896973
3/19/2021,57665.9,54452.28906,1735.2,1750.248169
3/20/2021,58075.1,52047.30859,0,0
3/21/2021,58085.8,53092.51953,0,0
3/22/2021,57411.17,53222.26563,1736.15,1750.957031
3/23/2021,54204.96,52183.54688,1726.2,1757.354736
3/24/2021,54477.46,48914.6875,1730.5,1756.704834
3/25/2021,52508.23,50207.60547,1737.3,1736.693237
3/26/2021,51415.92,48022.96875,1731.8,1712.449951
3/27/2021,55074.47,47047.25391,0,0
3/28/2021,55863.93,51699.96094,0,0
3/29/2021,55783.71,51447.49609,1705.95,1710.929688
3/30/2021,57627.67,50852.30078,1683.95,1741.449097
3/31/2021,58730.13,53354.34766,1691.05,1770.292236
4/1/2021,58735.25,53984.5625,1726.05,1769.015503
4/2/2021,58736.92,53464.81641,0,0
4/3/2021,59031.32,53638.64844,0,0
4/4/2021,57076.49,53993.15625,0,0
4/5/2021,58206.55,51635.92969,0,0
4/6/2021,59054.1,53474.94922,1744.65,1770.059204
4/7/2021,58020.46,54216.87891,1738.05,1756.819458
4/8/2021,55947.27,52511.19531,1755.5,1747.682007
4/9/2021,58048.59,50662.82422,1741.2,1760.536621
4/10/2021,58102.58,53747.51172,0,0
4/11/2021,59774,53120.27344,0,0
4/12/2021,59964.87,54689.93359,1732.85,1762.308716
4/13/2021,59834.74,54716.3125,1747.95,1778.410278
4/14/2021,63554.44,54348.33203,1735.55,1795.224976
4/15/2021,62969.12,58656.45703,1757.2,1797.421265
4/16/2021,63252.63,56808.47266,1774.45,1796.025269
4/17/2021,61455.98,57088.60547,0,0
4/18/2021,60087.09,55435.38281,0,0
4/19/2021,56251.48,54230.32031,1774.5,1809.611694
4/20/2021,55703.14,50469.90234,1777.85,1808.533203
4/21/2021,56507.91,50931.37891,1798.2,1804.133789
4/22/2021,53808.8,52106.37891,1787.75,1797.156982
4/23/2021,51731.71,48561.27344,1781.8,1805.15686
4/24/2021,51153.13,47079.05469,0,0
4/25/2021,50110.53,47326.18359,0,0
4/26/2021,49075.58,46132.16016,1773.35,1801.705322
4/27/2021,54056.64,45190.18359,1784.15,1793.1875
4/28/2021,55071.46,51137.35156,1772.2,1793.427002
4/29/2021,54884.1,50901.25781,1762.65,1817.150757
4/30/2021,53584.15,50044.00391,1767.65,1814.07605
5/1/2021,57796.62,49168.97656,0,0
5/2/2021,57857.5,54159.14453,0,0
5/3/2021,56610.46,52948.77344,0,0
5/4/2021,57213.33,51216.71875,1797.75,1831.825317
5/5/2021,53241.72,52733.50781,1782.25,1853.020142
5/6/2021,57473.23,48025.56641,1813.15,1860.359375
5/7/2021,56428.16,53647.83203,1836.55,1850.269531
5/8/2021,57380.27,51648.74219,0,0
5/9/2021,58928.81,52340.02344,0,0
5/10/2021,58280.73,54413.08203,1840.45,1847.758667
5/11/2021,55883.5,52954.875,1829.1,1843.976074
5/12/2021,56750,50441.78906,1830.7,1860.392456
5/13/2021,49007.09,52350.65234,1821.8,1880.571045
5/14/2021,49702.27,43432.27344,1838.1,1894.9375
5/15/2021,49922.52,46042.5,0,0
5/16/2021,46736.58,46822.10547,0,0
5/17/2021,46441.64,42379.96484,1853.7,1910.768188
5/18/2021,43596.24,43143.61328,1866.75,1902.269043
5/19/2021,42912.19,40421.15625,1888.45,1896.30249
5/20/2021,36964.27,39965.71875,1878.3,1900.911255
5/21/2021,40784.32,33875.89453,1875.9,1912.983643
5/22/2021,37280.35,39155.92578,0,0
5/23/2021,37528.3,34982.41016,0,0
5/24/2021,34754.54,35195.30859,1880.15,1929.295288
5/25/2021,38728.59,32877.125,1887,1925.420898
5/26/2021,38410.5,37417.05078,1899.75,1928.110596
5/27/2021,39266.04,36549.37109,1891.45,1927.268677
5/28/2021,38445.29,37090.08203,1899.95,1931.260132
5/29/2021,35689.62,36446.48828,0,0
5/30/2021,34647.67,33448.21875,0,0
5/31/2021,35684.59,32893.16406,0,0
6/1/2021,37310.54,34368.15234,1899.35,1904.324585
6/2/2021,36662.64,35795.46094,1902.75,1918.992798
6/3/2021,37585.24,34676.83203,1866.55,1924.339478
6/4/2021,39188.59,35831.67188,1890.6,1930.483521
6/5/2021,36885.51,37591.88281,0,0
6/6/2021,35530.38,34576.51953,0,0
6/7/2021,35816.17,33492.19141,1888.4,1929.980103
6/8/2021,33514.87,34372.51172,1893.15,1922.105103
6/9/2021,33450.19,31655.06836,1894.6,1913.223999
6/10/2021,37338.36,31857.10742,1888.65,1900.393677
6/11/2021,36704.57,36397.10156,1881.05,1900.047607
6/12/2021,37313.18,34811.58203,0,0
6/13/2021,35494.9,35322.99219,0,0
6/14/2021,39066.82,33673.76563,1865.6,1899.552856
6/15/2021,40525.8,37715.80859,1865.1,1834.67749
6/16/2021,40188.56,38796.11328,1860.75,1812.391602
6/17/2021,38324.87,37719.30469,1778.7,1813.597168
6/18/2021,38068.04,35973.63672,1773.1,1822.188477
6/19/2021,35729.82,36158.22266,0,0
6/20/2021,35524.17,33659.45703,0,0
6/21/2021,35592.35,33722.5625,1775.05,1836.373901
6/22/2021,31686.55,34044.05469,1775.05,1827.823486
6/23/2021,32447.59,29614.88281,1791.6,1817.378906
6/24/2021,33674.66,31091.01953,1784.85,1805.767578
6/25/2021,34639.38,32682.74609,1786.65,1785.165283
6/26/2021,31640.58,33131.53516,0,0
6/27/2021,32160.91,29759.40039,0,0
6/28/2021,34644.45,30888.16406,1780.3,1787.995728
6/29/2021,34456.67,33787.11328,1755.45,1807.845093
6/30/2021,35847.7,32850.17969,1763.15,1819.335693
7/1/2021,35047.36,34300.65234,1781.5,1821.472534
7/2/2021,33536.88,33458.71484,1786.15,1829.999634
7/3/2021,33856.86,31746.56055,0,0
7/4/2021,34688.98,32501.60938,0,0
7/5/2021,35309.3,33401.4375,1791.35,1826.322021
7/6/2021,33747.97,33759.91797,1809.85,1827.098877
7/7/2021,34211.01,31957.0918,1804.65,1827.866089
7/8/2021,33839.04,32757.86523,1807.7,1820.098267
7/9/2021,32877.41,32424.31055,1806,1835.527954
7/10/2021,33818.52,31249.08398,0,0
7/11/2021,33515.57,32524.02344,0,0
7/12/2021,34227.64,32105.02734,1792.4,1849.483398
7/13/2021,33158.25,32758.65625,1813.85,1852.627808
7/14/2021,32686.56,31613.89258,1823.2,1849.985474
7/15/2021,32814.61,31192.11914,1823.75,1839.998535
7/16/2021,31738.59,31538.88086,1824.3,1844.585449
7/17/2021,31421.25,30299.0625,0,0
7/18/2021,31520.66,30076.75,0,0
7/19/2021,31783.49,30359.0957,1814.9,1833.300415
7/20/2021,30815.94,30563.75781,1823.05,1829.66687
7/21/2021,29790.24,29456.46875,1802.15,1830.310669
7/22/2021,32118.06,28506.45313,1799.45,1832.181885
7/23/2021,32297.89,31273.32813,1799.6,1832.247192
7/24/2021,33581.63,31121.11523,0,0
7/25/2021,34279.34,32227.41602,0,0
7/26/2021,35365.2,33001.89844,1800.2,1827.697998
7/27/2021,37318.14,33951.23438,1800.35,1850.022339
7/28/2021,39405.95,35907.75781,1796.6,1854.157104
7/29/2021,40002.53,37804.87891,1829.3,1841.130005
7/30/2021,40005.93,37962.35938,1825.75,1835.670288
7/31/2021,42214.15,37826.83203,0,0
8/1/2021,41659.06,40335.39453,0,0
8/2/2021,40000.46,39233.44141,1811.45,1849.038574
8/3/2021,39193.94,37318.01563,1812.65,1834.946045
8/4/2021,38138,37013.45313,1829.1,1801.525146
8/5/2021,39750.14,36028.04297,1800.75,1773.78186
8/6/2021,40882,37885.16797,1762.9,1758.767456
8/7/2021,42825.95,38879.60156,0,0
8/8/2021,44634.13,40604.85156,0,0
8/9/2021,43816.14,42274.94141,1738.85,1775.446167
8/10/2021,46333.46,40910.4375,1723.35,1788.044922
8/11/2021,45608.37,43877.16797,1743.6,1806.411255
8/12/2021,45611.46,42667.38281,1747.4,1813.171753
8/13/2021,44417.78,42509.02344,1773.85,1809.704102
8/14/2021,47833.98,41484.28516,0,0
8/15/2021,47112.19,45413.78516,0,0
8/16/2021,47056.41,43843.52344,1786.35,1800.533936
8/17/2021,45982.55,43637.46484,1789.45,1798.208984
8/18/2021,44648.57,42868.99219,1783.45,1800.078003
8/19/2021,44777.86,41491.85938,1782.05,1822.027588
8/20/2021,46734.65,41982.46484,1779.05,1835.540649
8/21/2021,49327.75,44153.37891,0,0
8/22/2021,48932.02,46439.67578,0,0
8/23/2021,49335.68,45282.56641,1802,1820.79187
8/24/2021,49523.5,45865.44141,1808.45,1809.794189
8/25/2021,47744.58,46184.21875,1788.7,1816.516724
8/26/2021,48972.09,43988.48438,1786.6,1835.981445
8/27/2021,46962.8,45820.24609,1798.5,1841.575684
8/28/2021,49056.86,43424.58984,0,0
8/29/2021,48897.65,45960.26953,0,0
8/30/2021,48806.78,45571.50391,0,0
8/31/2021,47074.77,45160.30859,1814.85,1840.236572
9/1/2021,47155.87,43509.12891,1811.8,1845.094849
9/2/2021,48862.76,44000.53125,1812.55,1844.837524
9/3/2021,49329.01,45942.39063,1823.7,1830.582275
9/4/2021,50035.33,45881.55469,0,0
9/5/2021,49947.38,46495.32813,0,0
9/6/2021,51769.06,46371.35156,1821.6,1815.118042
9/7/2021,52677.4,48349.30078,1802.15,1815.37793
9/8/2021,46809.17,48919.64063,1786,1786
9/9/2021,46078.38,42010.32422,1788.25,1788.25
9/10/2021,46368.69,42816.28125,1794.6,1794.6
